5000
(427.9, 305.0), (418.9, 293.9), 2.4, 1.8, 0
(418.1, 306.4), (401.8, 295.7), 1.0, 0.6, 1
(344.1, 417.9), (356.5, 398.1), 3.1, 2.0, 1
(355.6, 343.1), (366.1, 327.2), -1.2, -1.4, 1
(420.7, 461.4), (429.9, 462.9), 4.7, -1.2, 1
(465.9, 423.7), (480.3, 426.8), 2.0, -4.5, 0
(454.6, 497.0), (468.8, 511.7), -1.2, -0.5, 1
(332.5, 371.1), (339.3, 379.1), 1.8, -4.3, 0
(406.8, 349.0), (405.3, 339.8), 4.3, 1.9, 0
(436.9, 468.6), (448.0, 457.7), -4.7, -1.8, 1
(313.2, 482.6), (315.9, 491.3), -2.9, -0.0, 1
(328.6, 327.9), (338.4, 329.5), 2.5, -0.7, 1
(372.4, 499.5), (357.9, 499.2), 2.6, 3.6, 0
(425.5, 458.4), (422.4, 441.0), -1.2, 5.0, 1
(494.2, 472.2), (474.7, 481.0), 1.8, 0.4, 1
(453.7, 368.0), (445.5, 354.4), -5.0, 2.2, 1
(494.4, 452.4), (494.7, 436.6), 1.3, 3.4, 0
(330.6, 452.5), (332.1, 463.6), 0.3, -5.0, 1
(397.7, 322.4), (392.2, 341.8), 3.1, -2.6, 0
(475.6, 489.4), (459.0, 488.8), -4.3, 2.6, 0
(325.7, 395.1), (327.7, 385.7), 3.7, -0.8, 0
(485.8, 451.1), (493.4, 459.6), -1.0, 1.7, 1
(387.6, 403.5), (372.5, 392.5), -1.6, 0.9, 0
(417.7, 301.4), (426.0, 283.8), -4.3, -4.7, 1
(314.2, 347.6), (320.9, 336.2), -3.7, 4.4, 1
(348.6, 394.6), (344.9, 378.4), 1.6, -1.5, 1
(393.4, 445.8), (400.3, 465.2), -4.0, -1.0, 1
(460.1, 321.9), (447.8, 323.3), -3.6, -3.2, 1
(350.0, 484.7), (347.7, 499.1), 0.5, -4.5, 0
(493.8, 485.3), (507.7, 471.9), -0.1, -2.9, 1
(480.5, 332.9), (460.6, 328.5), 4.3, 2.9, 1
(384.6, 491.5), (404.4, 493.7), 2.2, -3.5, 1
(343.5, 311.7), (353.0, 294.1), -1.9, -4.5, 1
(400.6, 470.5), (386.9, 489.0), -4.2, -3.1, 0
(435.0, 347.0), (419.8, 362.7), -2.5, 0.9, 0
(383.8, 416.7), (384.8, 434.1), -3.0, 2.2, 0
(353.1, 326.2), (358.9, 324.5), 4.3, 4.4, 0
(391.7, 499.7), (411.5, 482.6), -2.9, -2.3, 1
(476.2, 475.9), (471.0, 462.2), 3.3, 2.0, 0
(433.6, 410.9), (450.8, 395.1), 3.8, -2.4, 0
(448.5, 331.1), (439.8, 319.5), -1.6, 1.9, 1
(401.1, 350.2), (417.4, 332.3), 1.3, 3.3, 0
(300.7, 454.2), (306.2, 444.7), 2.4, 0.5, 1
(412.2, 322.4), (430.0, 330.0), -3.5, -4.6, 1
(416.5, 329.6), (401.6, 321.9), 4.0, 3.0, 0
(479.8, 342.0), (469.8, 326.1), 2.8, 3.8, 1
(494.8, 449.9), (511.8, 439.4), -3.4, 3.0, 0
(476.3, 305.0), (485.7, 298.2), 4.3, 3.0, 0
(353.4, 457.5), (337.7, 472.4), 3.6, -2.8, 1
(369.9, 464.1), (384.8, 453.0), 1.6, -1.0, 1
(472.9, 493.4), (464.0, 499.0), -1.0, 4.8, 1
(487.8, 323.1), (506.7, 310.2), 4.6, -2.3, 0
(419.3, 369.1), (430.8, 366.6), 4.8, -3.8, 0
(350.9, 441.8), (331.0, 458.8), 0.4, 2.2, 0
(372.8, 314.0), (379.4, 307.2), -1.9, 3.5, 1
(401.4, 433.4), (394.5, 441.3), 0.5, -3.1, 1
(435.5, 480.6), (440.1, 472.6), 0.5, -5.0, 1
(342.0, 457.2), (346.3, 450.0), -0.6, 1.8, 1
(458.7, 492.0), (468.2, 498.3), -2.2, 1.6, 1
(318.7, 490.4), (308.1, 482.8), 3.1, -3.5, 0
(349.0, 395.0), (363.0, 377.9), -0.9, 1.3, 0
(443.7, 376.8), (439.7, 362.7), 1.9, 3.9, 0
(455.7, 343.8), (467.8, 351.6), -0.4, 0.6, 0
(391.3, 460.3), (398.0, 479.8), 1.0, 4.5, 1
(422.5, 443.9), (422.7, 457.1), 0.5, 4.0, 1
(390.0, 450.4), (403.6, 441.4), 2.8, -0.2, 0
(354.9, 315.5), (346.3, 306.4), -1.8, 0.4, 0
(330.2, 376.6), (316.3, 365.2), -0.9, -1.7, 1
(383.2, 341.4), (380.0, 357.6), 0.8, 2.0, 1
(395.4, 488.5), (387.3, 484.1), 3.9, 3.4, 0
(397.6, 354.6), (397.1, 350.1), 1.7, 3.0, 0
(468.1, 483.9), (487.3, 485.3), 4.1, 0.9, 0
(316.8, 385.7), (331.5, 373.0), -2.4, -1.7, 1
(365.4, 452.2), (360.5, 462.3), 3.3, -2.5, 0
(394.1, 449.8), (376.1, 467.9), -2.8, -4.3, 0
(450.8, 489.9), (438.8, 470.7), -3.5, -3.7, 0
(412.8, 343.6), (420.8, 354.3), -3.3, 1.1, 0
(455.6, 332.8), (448.0, 335.9), 4.3, 0.8, 1
(379.3, 443.0), (362.4, 450.6), 1.3, -4.0, 1
(470.1, 420.1), (454.9, 439.4), 2.8, -1.5, 1
(432.3, 313.8), (438.2, 294.3), -0.8, -0.1, 1
(492.2, 427.1), (505.3, 435.4), -0.6, 2.3, 1
(423.2, 483.9), (434.2, 482.5), 3.3, 0.9, 1
(470.3, 466.1), (453.8, 481.4), -2.6, -0.4, 1
(367.3, 398.9), (360.3, 398.4), -1.5, -2.4, 1
(476.1, 440.2), (467.1, 420.6), 4.5, -4.1, 1
(397.7, 451.6), (405.3, 457.5), -0.1, 2.9, 0
(358.8, 380.9), (348.6, 387.4), -1.3, 0.5, 1
(385.1, 449.2), (378.3, 457.3), -2.3, -2.5, 0
(444.3, 363.1), (454.0, 381.1), 1.9, -3.1, 1
(355.3, 417.9), (365.7, 421.8), 4.8, 3.3, 1
(345.5, 335.9), (326.1, 337.3), -2.3, 4.7, 1
(439.5, 325.3), (454.2, 324.9), 3.7, 0.7, 1
(395.7, 368.1), (414.4, 358.2), 3.6, -3.9, 0
(380.1, 314.8), (385.3, 297.0), -3.5, 0.6, 1
(317.0, 349.6), (319.4, 346.3), 1.0, 1.2, 1
(390.1, 388.5), (404.5, 408.1), -1.9, 1.2, 0
(489.5, 341.6), (478.0, 348.0), -3.4, -3.3, 0
(331.3, 381.7), (338.9, 380.5), -4.7, -2.1, 1
(440.6, 390.8), (448.1, 407.8), 2.9, 1.3, 0
(385.0, 408.9), (390.9, 425.2), 3.3, -4.3, 0
(458.5, 419.0), (471.5, 435.9), -0.6, -0.3, 1
(439.9, 488.5), (440.0, 488.3), -4.2, -4.6, 1
(446.9, 420.7), (427.9, 409.9), 1.7, 3.6, 0
(499.9, 434.5), (490.7, 416.1), 2.6, -0.3, 1
(483.2, 336.3), (486.6, 341.7), -0.1, -4.1, 1
(381.7, 364.2), (365.9, 350.6), -0.9, -0.0, 1
(462.7, 410.0), (460.9, 402.6), -1.8, 4.7, 1
(473.0, 465.0), (453.0, 479.8), -0.4, -4.5, 1
(424.5, 399.7), (422.2, 381.8), -2.3, -3.7, 1
(387.6, 439.7), (372.5, 458.6), 1.1, -2.6, 0
(362.2, 302.7), (358.5, 291.7), 3.4, -3.9, 0
(429.5, 330.8), (446.8, 322.5), 2.1, -0.8, 1
(496.0, 348.7), (498.1, 344.1), 4.2, 0.1, 0
(472.8, 355.2), (484.4, 351.8), 4.3, 0.1, 0
(356.6, 359.7), (360.0, 379.7), -0.1, -3.5, 1
(369.0, 410.4), (370.8, 408.6), -1.8, -3.1, 0
(414.4, 346.7), (425.4, 328.5), 2.4, 2.1, 1
(377.2, 432.7), (390.0, 452.0), -0.0, -4.6, 1
(473.9, 474.8), (471.6, 475.9), -0.4, 2.2, 1
(474.2, 494.0), (457.2, 505.3), -2.3, 1.2, 1
(430.0, 470.4), (444.1, 484.7), -1.2, -1.8, 1
(474.5, 307.2), (457.2, 312.4), 4.2, 5.0, 0
(386.8, 319.7), (392.1, 334.6), -0.6, 1.9, 0
(309.2, 459.2), (300.9, 454.2), -3.5, 0.3, 0
(334.0, 315.8), (348.8, 320.6), -2.6, 4.1, 0
(346.4, 427.6), (344.8, 434.3), 4.0, -0.3, 1
(435.5, 331.6), (433.2, 325.4), 0.9, 1.4, 1
(438.1, 391.4), (430.1, 411.3), 3.5, -3.9, 1
(414.4, 415.0), (434.1, 406.8), 4.8, 1.6, 1
(301.6, 473.0), (312.8, 492.0), 4.1, 2.5, 1
(455.1, 346.0), (467.2, 334.8), -3.1, -2.5, 0
(425.6, 480.7), (431.5, 473.0), -0.6, 0.8, 0
(318.0, 359.0), (327.9, 346.0), -3.7, 0.4, 1
(406.2, 482.7), (419.4, 473.0), 3.2, -0.2, 1
(449.3, 367.7), (433.9, 386.3), -3.6, 4.7, 1
(493.5, 460.9), (488.1, 472.5), -4.9, 0.4, 1
(373.7, 449.8), (364.2, 445.0), 1.4, -1.3, 0
(394.3, 423.9), (412.0, 417.0), 1.1, 1.5, 1
(481.9, 360.4), (478.2, 346.0), 4.5, -2.0, 1
(323.2, 347.0), (324.7, 342.5), -1.3, 4.5, 1
(417.5, 445.3), (432.9, 451.5), 3.3, 1.2, 1
(306.5, 374.1), (304.3, 392.1), 3.6, -4.0, 1
(408.9, 495.6), (403.2, 491.5), -3.1, -3.8, 1
(318.3, 342.4), (323.9, 361.3), -4.5, -1.7, 0
(457.4, 341.0), (470.6, 343.2), 0.9, 3.1, 0
(365.7, 329.5), (381.7, 309.6), 3.6, -3.6, 0
(408.0, 459.7), (392.4, 474.4), -3.7, -1.4, 0
(417.8, 303.2), (408.4, 288.2), -0.8, -3.9, 0
(395.2, 455.6), (395.8, 440.0), 0.0, 4.5, 0
(445.4, 481.8), (451.8, 473.8), 1.4, -4.7, 1
(469.5, 385.3), (453.8, 393.8), -0.6, 4.0, 1
(421.7, 313.1), (412.7, 318.5), 0.5, -1.7, 1
(390.7, 421.1), (374.7, 429.2), 3.5, 1.5, 0
(386.0, 477.6), (382.6, 490.7), -1.0, 2.3, 1
(385.4, 433.0), (380.3, 419.1), 4.2, -4.3, 0
(318.6, 319.3), (328.2, 331.8), 0.6, 0.9, 1
(434.0, 382.2), (448.9, 399.8), -0.8, 4.2, 0
(493.7, 420.1), (487.7, 423.2), -2.9, 1.6, 0
(469.5, 370.0), (471.7, 354.6), -2.2, -2.7, 1
(469.0, 494.9), (481.8, 499.5), 1.4, -4.7, 1
(305.8, 354.7), (316.3, 371.5), -1.5, -3.2, 0
(413.3, 380.2), (398.9, 385.5), -4.7, 2.5, 0
(375.2, 390.7), (361.5, 383.2), -1.8, 4.4, 0
(476.7, 331.1), (486.8, 313.1), -4.2, -0.6, 1
(397.1, 388.4), (388.1, 398.6), -3.9, -0.7, 1
(435.6, 418.6), (436.7, 411.0), -2.8, 4.8, 0
(301.5, 360.3), (290.0, 345.8), -2.4, -1.7, 0
(399.5, 386.1), (384.6, 387.4), -2.7, 0.6, 1
(314.4, 472.4), (296.1, 453.1), 4.2, 3.6, 1
(414.7, 441.9), (411.4, 426.5), -4.8, -1.8, 1
(466.4, 484.0), (449.9, 497.7), -2.6, 0.9, 0
(379.2, 362.1), (372.7, 355.4), -3.3, 0.1, 0
(406.1, 338.8), (417.2, 332.8), 4.6, 1.5, 0
(347.3, 329.3), (335.1, 333.4), 2.6, 1.6, 0
(490.3, 425.6), (488.8, 428.1), 0.8, 1.8, 1
(472.8, 425.4), (458.9, 408.2), -0.6, -2.0, 1
(418.3, 370.4), (401.3, 368.9), -4.6, -1.3, 1
(315.3, 472.9), (329.6, 477.5), 0.1, -0.4, 0
(389.9, 462.0), (396.0, 454.8), -0.2, -3.5, 0
(390.1, 462.2), (403.6, 481.5), -4.2, 1.5, 0
(349.5, 387.6), (347.1, 388.5), -3.4, -1.3, 1
(377.5, 454.9), (384.6, 437.0), 1.3, -1.7, 1
(318.9, 435.7), (310.3, 444.6), 1.6, 4.1, 0
(366.7, 416.5), (352.3, 410.5), 4.7, 2.0, 1
(325.8, 441.8), (309.2, 444.1), 1.4, -1.7, 0
(434.0, 465.8), (443.6, 473.2), 0.3, 1.5, 1
(401.7, 303.6), (394.1, 321.7), -1.6, 2.7, 0
(345.3, 327.5), (328.4, 341.3), -4.0, 2.7, 0
(432.4, 475.3), (437.1, 479.2), -3.5, -3.2, 0
(444.2, 308.7), (438.8, 317.5), 4.7, 1.1, 1
(346.8, 347.8), (365.4, 359.2), 4.0, -3.1, 1
(392.3, 356.4), (387.6, 357.5), 4.7, 3.2, 0
(474.6, 310.4), (473.8, 305.3), 4.3, 2.1, 0
(357.0, 452.6), (347.9, 468.8), -3.5, -0.6, 0
(463.3, 476.9), (480.6, 473.5), -1.0, -1.3, 1
(498.9, 375.0), (480.0, 392.2), 3.4, 1.5, 0
(327.5, 357.4), (340.7, 365.2), -3.6, 2.1, 1
(423.1, 481.2), (403.8, 469.8), -3.5, 4.4, 1
(322.2, 357.6), (314.3, 339.5), -0.8, 2.9, 1
(312.6, 467.3), (312.6, 468.8), 1.3, 0.8, 0
(358.3, 300.3), (352.4, 303.1), -3.1, 1.7, 1
(313.5, 405.2), (313.8, 424.7), 0.5, -1.1, 1
(308.7, 377.4), (303.6, 387.3), -1.4, -4.3, 0
(446.6, 425.7), (457.4, 435.1), -1.7, -4.6, 1
(462.7, 335.0), (473.9, 333.6), 2.0, 1.3, 0
(312.6, 455.2), (310.9, 447.0), -4.6, -3.0, 0
(363.1, 362.0), (359.0, 374.6), -0.3, -4.6, 0
(357.2, 472.4), (339.1, 478.7), -2.3, 3.0, 1
(477.9, 448.7), (493.7, 444.1), 4.7, -0.0, 1
(373.5, 459.5), (364.1, 442.8), -0.8, -0.7, 0
(409.1, 364.2), (392.3, 370.7), -1.9, 1.0, 1
(333.3, 388.8), (331.2, 397.9), 4.1, 1.1, 1
(354.9, 496.0), (372.8, 479.0), 1.4, -1.4, 0
(490.6, 328.6), (494.9, 339.8), -4.7, -4.3, 1
(372.4, 489.9), (353.7, 476.0), -0.5, -1.3, 1
(452.6, 414.8), (453.8, 410.7), 1.5, -2.5, 0
(305.2, 337.2), (305.9, 353.8), -3.8, 2.7, 1
(342.9, 422.4), (350.7, 442.3), -3.0, -3.6, 0
(390.4, 479.7), (388.2, 463.2), 1.8, 3.5, 1
(433.6, 441.9), (435.6, 433.5), -2.0, -3.4, 0
(458.7, 401.8), (443.6, 389.8), -3.6, 2.9, 0
(372.2, 414.5), (370.9, 433.8), -3.7, 3.8, 0
(361.9, 499.9), (370.6, 500.9), 2.7, 3.2, 0
(325.1, 363.4), (308.0, 362.0), 0.2, -3.7, 0
(453.6, 325.8), (453.7, 340.5), 3.3, 0.2, 1
(332.9, 364.5), (341.3, 358.4), 4.4, 3.9, 0
(350.1, 427.0), (352.2, 412.0), -2.0, 0.3, 0
(418.4, 416.1), (405.2, 421.1), 4.0, -1.6, 0
(465.0, 305.7), (446.9, 311.3), 0.8, 1.5, 1
(423.6, 306.1), (439.2, 307.9), 1.4, -2.0, 0
(460.9, 437.0), (452.8, 419.9), -4.4, -0.6, 1
(392.9, 368.0), (378.6, 382.5), -1.8, 4.9, 1
(495.1, 326.2), (489.9, 328.6), -1.8, -0.3, 1
(389.9, 328.2), (371.9, 346.0), 3.6, -0.8, 0
(462.7, 486.8), (471.5, 474.3), -3.4, 5.0, 1
(399.8, 361.7), (380.7, 379.5), 0.1, 4.7, 0
(416.7, 309.7), (407.9, 313.6), 3.4, 1.7, 1
(407.3, 469.4), (404.6, 484.7), 2.3, 2.6, 1
(309.0, 310.2), (311.5, 304.7), -2.1, -1.1, 1
(452.9, 355.9), (472.4, 363.2), -3.8, 4.8, 1
(374.6, 497.4), (377.0, 492.0), -3.6, 1.0, 1
(400.0, 309.1), (385.5, 302.4), -0.3, -0.4, 0
(365.6, 422.6), (352.1, 442.2), 2.4, -2.0, 1
(401.5, 401.9), (401.1, 404.5), -0.3, -4.8, 1
(434.8, 496.0), (438.1, 507.8), 2.3, 1.9, 0
(419.4, 353.1), (425.6, 372.0), 0.8, -2.7, 0
(416.7, 334.1), (421.9, 338.9), 3.4, -3.5, 0
(306.3, 489.6), (290.7, 470.4), -1.9, -3.5, 0
(382.1, 455.0), (398.9, 469.9), 2.4, -4.4, 0
(403.7, 412.2), (423.7, 411.3), -1.2, 4.6, 1
(482.4, 368.5), (476.6, 379.3), 2.2, 1.4, 1
(422.0, 338.5), (411.9, 340.8), -2.8, 4.7, 1
(454.2, 441.0), (461.8, 440.5), -0.2, 0.6, 1
(357.6, 414.7), (359.3, 430.5), -1.1, -1.5, 0
(358.1, 357.5), (366.7, 351.4), -0.6, -2.4, 1
(342.8, 465.6), (333.6, 468.1), -2.3, -3.9, 0
(348.5, 434.0), (349.7, 439.5), -4.5, -0.9, 1
(320.1, 454.2), (300.3, 456.2), 4.3, -0.9, 1
(395.5, 339.9), (414.0, 332.7), 1.5, 4.1, 0
(430.5, 346.4), (440.0, 360.5), -4.6, 4.2, 1
(476.4, 335.2), (493.2, 355.0), -1.0, -0.0, 1
(475.3, 301.9), (478.1, 286.1), 4.8, -2.2, 1
(477.9, 326.8), (478.0, 317.8), 3.1, -1.7, 1
(429.7, 443.7), (410.2, 437.2), -2.0, 1.7, 0
(335.1, 471.2), (351.0, 484.3), 0.2, -4.1, 0
(337.0, 328.1), (329.9, 318.0), -2.4, -2.6, 1
(490.8, 360.4), (499.7, 340.8), 1.5, 1.9, 0
(433.6, 393.1), (419.9, 400.5), 4.2, 3.9, 1
(438.1, 427.7), (455.7, 422.4), -2.8, 4.6, 1
(330.6, 449.5), (334.9, 446.2), 0.5, -0.3, 0
(452.4, 436.1), (456.2, 447.6), 0.3, 0.3, 1
(315.6, 412.8), (298.1, 414.7), 0.1, 0.7, 0
(332.9, 470.9), (330.6, 478.1), 2.2, -0.1, 1
(461.7, 390.7), (462.3, 389.0), -4.4, -0.4, 1
(444.7, 379.2), (457.3, 389.0), 0.8, -4.5, 1
(440.1, 408.2), (422.5, 424.0), 4.9, -0.3, 1
(381.8, 453.8), (392.4, 472.9), 1.5, -0.8, 1
(389.7, 483.4), (384.8, 466.6), 4.6, 3.7, 0
(430.7, 369.6), (417.8, 371.0), 0.3, 2.3, 0
(467.0, 451.2), (486.1, 449.8), 2.2, -0.8, 1
(464.7, 349.5), (458.5, 340.5), 4.4, 2.3, 0
(306.4, 432.0), (311.0, 449.5), 3.9, -2.6, 0
(320.2, 306.7), (324.1, 314.8), -4.5, 2.4, 1
(387.8, 408.0), (398.0, 419.0), -3.6, 4.9, 0
(463.2, 446.3), (455.9, 450.2), 1.7, -1.8, 1
(475.3, 497.1), (476.1, 493.7), -2.2, 0.6, 0
(425.2, 385.4), (425.0, 404.3), 4.4, 1.7, 1
(439.3, 381.7), (431.3, 369.0), 0.4, -2.6, 0
(360.1, 441.5), (372.4, 458.1), 0.6, 4.7, 0
(377.7, 351.0), (370.9, 334.2), -0.5, -1.3, 0
(310.3, 375.4), (314.5, 357.0), -4.3, 3.0, 0
(395.9, 473.9), (389.2, 492.2), -4.8, 4.4, 0
(449.4, 450.9), (466.0, 458.7), 2.0, -1.0, 0
(410.4, 455.1), (405.6, 456.4), -1.4, -2.4, 1
(393.2, 460.6), (402.1, 471.0), -1.8, -3.0, 1
(382.8, 412.5), (371.6, 398.3), -2.4, 4.3, 1
(359.0, 339.2), (348.2, 342.0), -2.5, 0.5, 1
(351.5, 464.3), (370.1, 470.0), -0.1, -3.3, 1
(333.9, 444.1), (333.4, 460.7), 0.4, 1.4, 0
(404.8, 467.8), (387.8, 480.5), -4.5, -4.9, 0
(468.5, 346.3), (476.8, 326.7), 0.1, -1.3, 1
(431.9, 303.1), (433.1, 299.6), -4.8, 2.2, 1
(303.4, 462.6), (310.4, 474.9), 4.1, -3.9, 0
(404.9, 348.2), (409.7, 338.3), -1.5, 2.9, 0
(374.6, 381.2), (377.2, 400.8), -2.7, 1.8, 0
(430.7, 471.6), (441.1, 455.4), -1.2, 0.5, 0
(427.3, 440.6), (410.7, 454.4), 1.4, -1.7, 0
(479.0, 483.8), (468.1, 499.9), 1.9, 0.7, 1
(309.3, 314.9), (326.3, 330.8), 0.6, -4.7, 1
(303.1, 341.4), (288.9, 354.3), 3.2, 4.3, 1
(332.5, 348.1), (345.9, 343.7), 4.0, -1.7, 0
(458.1, 437.9), (441.2, 447.7), -1.5, -4.0, 0
(467.7, 368.1), (478.5, 386.3), -1.0, 2.7, 0
(426.8, 456.7), (424.8, 445.8), 0.5, -1.2, 0
(435.9, 432.1), (419.4, 436.9), 3.0, 2.1, 0
(353.6, 376.0), (365.0, 362.2), -1.1, -1.4, 0
(301.0, 361.7), (295.4, 352.4), -3.7, -3.1, 1
(411.4, 402.5), (395.5, 386.1), 0.5, 1.0, 1
(472.7, 302.5), (469.3, 313.6), 2.2, 0.6, 0
(414.4, 333.9), (409.6, 319.5), -2.0, -0.1, 0
(333.4, 355.2), (325.4, 366.5), -1.4, 4.4, 1
(418.8, 339.1), (403.0, 331.3), 4.5, -1.7, 1
(460.8, 365.9), (454.2, 378.5), 3.6, 4.7, 0
(360.1, 420.6), (367.9, 419.8), -3.2, -1.0, 1
(358.3, 439.0), (357.9, 442.0), -2.6, -1.2, 1
(373.0, 486.4), (361.0, 506.3), -3.2, 2.7, 0
(490.6, 392.3), (498.9, 389.9), -2.1, 1.9, 1
(434.6, 327.8), (426.7, 317.9), -3.5, -0.8, 1
(314.8, 498.1), (314.0, 494.2), 0.1, 4.2, 1
(408.7, 458.1), (403.1, 474.0), 0.4, 1.4, 0
(321.9, 349.6), (328.5, 336.3), 1.1, 0.6, 1
(493.4, 366.3), (505.2, 350.6), -4.0, -2.8, 0
(389.2, 378.2), (400.0, 381.8), 0.0, -1.6, 0
(396.6, 359.1), (413.4, 342.5), 3.3, 2.3, 1
(362.4, 391.1), (350.7, 390.4), -0.2, -0.6, 1
(363.8, 360.1), (376.2, 344.7), 3.5, 1.5, 0
(486.0, 448.1), (486.6, 450.2), -1.7, -0.7, 1
(346.4, 381.0), (333.7, 386.6), -0.7, -4.7, 0
(389.9, 385.9), (370.1, 374.5), -2.2, 2.0, 0
(415.5, 459.9), (416.9, 454.5), -3.0, -3.9, 1
(405.5, 427.8), (409.4, 432.3), 0.9, -1.5, 1
(423.5, 462.7), (431.7, 454.6), 1.1, -4.2, 0
(362.6, 347.7), (347.3, 342.6), -3.6, -1.1, 0
(415.0, 384.6), (414.4, 386.1), 4.2, 4.3, 0
(411.0, 397.9), (396.6, 390.5), -0.5, -4.5, 1
(490.4, 396.9), (478.2, 392.3), 0.6, 1.5, 1
(436.9, 383.1), (450.5, 382.7), -4.2, -4.7, 0
(358.4, 355.0), (359.9, 341.7), -0.4, 2.4, 1
(409.9, 322.6), (394.5, 333.6), 3.2, -1.3, 0
(452.0, 388.3), (440.7, 385.3), 2.4, 1.5, 0
(359.5, 499.9), (357.5, 493.8), 3.2, -0.6, 0
(455.1, 347.4), (467.6, 350.9), -1.5, 2.1, 1
(333.2, 327.8), (321.5, 316.1), -4.4, -1.5, 1
(419.4, 333.7), (438.5, 325.4), 0.7, 4.5, 0
(327.1, 450.0), (323.6, 432.4), -2.2, 1.6, 0
(349.9, 442.3), (363.1, 452.7), 1.8, -0.1, 1
(425.6, 375.0), (408.6, 386.8), 2.7, -1.0, 1
(438.9, 475.5), (437.1, 475.0), 0.8, 3.7, 0
(446.2, 391.7), (452.8, 386.0), -4.4, 0.3, 0
(493.6, 465.0), (493.4, 457.9), -2.2, 0.5, 0
(413.2, 397.1), (407.0, 404.4), -4.5, -4.0, 1
(303.3, 485.9), (289.6, 484.1), 4.9, -0.7, 0
(476.4, 360.4), (491.4, 375.4), -4.1, -1.4, 0
(374.4, 480.8), (361.0, 476.6), -1.9, 2.0, 0
(385.8, 318.2), (369.7, 306.8), -4.2, 0.9, 1
(301.9, 439.1), (314.5, 458.6), -0.8, -3.7, 0
(345.8, 317.9), (358.0, 302.0), -1.3, -2.0, 1
(454.7, 450.6), (440.0, 470.3), -3.6, 0.3, 0
(422.1, 332.8), (416.1, 321.3), 2.5, 4.2, 1
(472.0, 317.3), (456.0, 327.4), 0.9, -1.2, 1
(362.9, 328.0), (354.0, 311.3), 0.5, 1.0, 1
(455.8, 438.1), (469.7, 444.4), -2.0, 0.2, 0
(449.6, 359.1), (431.8, 375.0), 4.5, -0.1, 0
(348.2, 427.6), (331.1, 443.2), -4.9, -1.4, 1
(326.4, 472.2), (329.1, 466.8), 1.8, 2.6, 0
(303.3, 313.5), (293.8, 295.1), -4.4, 2.9, 1
(425.7, 400.2), (422.3, 408.3), -4.2, 0.4, 0
(355.5, 362.0), (355.9, 350.1), 3.1, 0.4, 1
(417.3, 452.6), (423.3, 458.4), -1.9, -0.6, 0
(311.6, 317.2), (309.0, 315.4), 1.1, -1.9, 0
(323.9, 441.6), (331.9, 428.1), 4.5, 0.2, 1
(333.4, 325.4), (344.6, 316.1), 3.9, 2.7, 0
(367.0, 385.9), (368.0, 376.4), 4.8, 1.3, 1
(391.0, 372.0), (391.0, 374.7), -1.3, -2.4, 0
(478.9, 434.8), (463.5, 444.5), -5.0, 3.6, 0
(348.9, 394.4), (344.2, 380.4), 4.3, 3.6, 1
(344.9, 349.7), (361.5, 342.5), 3.3, 0.7, 0
(400.4, 480.4), (387.6, 492.6), 4.8, 4.5, 0
(475.4, 473.2), (486.3, 465.6), -4.1, -0.4, 1
(340.1, 412.8), (332.3, 417.7), -0.4, 0.9, 1
(499.6, 455.2), (508.9, 457.0), 3.0, -3.5, 1
(304.8, 408.3), (310.2, 416.0), -4.9, -1.6, 1
(469.8, 445.4), (454.0, 446.6), -2.6, -0.1, 0
(494.5, 328.5), (485.7, 310.2), -2.7, 3.5, 1
(440.2, 374.5), (459.2, 357.9), -4.0, -3.7, 1
(315.0, 413.6), (312.4, 432.1), -2.6, -2.4, 1
(485.2, 378.6), (498.5, 371.6), -0.5, -2.7, 0
(327.2, 454.0), (311.6, 438.3), -0.5, -1.9, 0
(407.2, 492.9), (395.5, 485.3), -2.3, -3.8, 0
(461.5, 360.8), (469.7, 365.0), -2.8, 3.6, 0
(318.2, 349.6), (312.5, 350.2), 1.8, -2.4, 0
(306.2, 380.9), (304.3, 390.8), -2.5, -0.4, 0
(324.3, 312.3), (335.5, 301.2), -3.0, -1.0, 0
(416.5, 351.8), (429.0, 332.6), -4.4, 4.0, 1
(461.9, 318.4), (475.8, 330.8), -3.8, 4.4, 0
(333.6, 414.8), (346.5, 410.6), -4.7, 1.8, 0
(370.8, 481.7), (361.8, 479.5), -3.5, 1.1, 0
(429.5, 399.8), (444.8, 398.9), -4.1, -1.2, 1
(339.9, 476.9), (340.9, 482.2), 3.0, 2.9, 1
(456.4, 371.8), (458.2, 371.2), 4.1, 0.0, 1
(354.1, 305.2), (358.0, 286.4), 3.1, -2.2, 1
(405.9, 453.4), (425.9, 472.3), -4.0, 1.6, 1
(406.7, 458.2), (416.2, 468.8), 4.5, 0.8, 1
(371.0, 467.8), (384.8, 454.9), 0.9, 3.1, 1
(482.8, 305.6), (490.8, 323.5), 0.6, 0.6, 0
(467.3, 462.1), (486.2, 463.8), -3.2, -4.6, 0
(346.5, 343.8), (347.6, 323.8), 4.2, -3.0, 0
(368.2, 335.5), (380.2, 350.2), -4.4, -3.5, 0
(454.9, 469.3), (469.3, 487.7), -1.3, 4.4, 1
(417.2, 367.3), (410.1, 386.3), 2.3, -0.6, 1
(429.8, 334.8), (448.6, 342.6), 4.3, 2.9, 0
(433.1, 462.9), (428.2, 472.3), -2.1, -3.2, 0
(489.8, 489.7), (485.4, 509.5), 4.7, -4.7, 1
(484.2, 493.5), (473.0, 496.1), 4.4, -3.6, 0
(347.6, 496.5), (334.3, 511.9), -4.1, 2.1, 1
(389.3, 353.0), (379.3, 335.8), -2.4, -3.9, 0
(309.6, 387.6), (306.4, 374.3), -0.9, 3.8, 1
(409.2, 320.3), (408.4, 334.8), 1.5, 1.9, 0
(390.3, 459.8), (371.6, 440.6), -2.4, -4.0, 1
(334.0, 375.1), (343.3, 377.0), 4.0, -4.1, 1
(440.9, 386.3), (447.0, 390.6), -0.7, -4.5, 1
(341.1, 338.0), (349.0, 346.9), 2.3, -2.3, 1
(359.5, 319.2), (355.2, 321.2), -0.1, -4.5, 0
(385.5, 358.9), (392.0, 362.9), -3.0, -4.7, 0
(427.6, 495.4), (426.6, 480.0), 2.8, -0.3, 1
(318.2, 408.8), (305.6, 424.2), -1.3, -0.5, 1
(387.9, 352.7), (401.4, 355.3), -3.5, 2.0, 0
(317.1, 368.8), (318.8, 387.6), 0.9, 0.5, 1
(463.7, 383.7), (465.1, 398.4), -0.3, 3.8, 1
(359.8, 379.0), (373.9, 360.4), 0.7, 0.2, 0
(324.1, 451.4), (311.0, 470.8), 4.7, 3.1, 0
(308.5, 315.7), (315.9, 303.8), 3.2, -3.5, 1
(363.9, 445.4), (376.2, 428.9), 0.6, 0.5, 1
(403.9, 483.4), (384.4, 491.4), 0.9, 2.8, 0
(382.9, 329.6), (386.4, 340.0), 4.4, 4.2, 0
(457.1, 473.5), (472.4, 488.6), -2.4, 1.5, 1
(307.5, 355.1), (293.2, 359.4), 1.9, -4.6, 1
(438.1, 309.9), (437.1, 300.6), -1.3, -1.6, 1
(362.2, 468.6), (376.5, 476.0), 4.7, -2.7, 1
(494.8, 388.6), (507.9, 379.4), -0.8, 1.5, 0
(388.3, 482.7), (384.6, 482.1), 0.2, -1.3, 0
(403.1, 331.8), (395.5, 332.1), -3.6, 3.5, 0
(334.7, 475.0), (322.8, 457.3), -4.7, -4.5, 1
(440.9, 354.8), (453.9, 355.0), 1.4, -3.8, 0
(348.4, 397.8), (346.2, 416.2), -0.3, 0.5, 1
(332.7, 478.9), (342.7, 486.5), -2.1, -1.1, 0
(470.8, 456.0), (459.3, 444.8), -2.7, -2.9, 1
(402.7, 472.9), (421.3, 480.2), -0.3, -3.7, 0
(420.2, 301.7), (410.3, 313.9), -1.9, 4.7, 1
(384.8, 375.3), (378.7, 365.4), -0.3, 1.8, 1
(416.9, 301.5), (436.9, 320.1), 3.4, 0.6, 1
(359.7, 321.6), (342.2, 341.2), 1.4, 3.6, 1
(431.2, 490.4), (437.3, 478.0), 0.2, -2.6, 0
(461.1, 460.5), (465.1, 466.9), 1.8, 2.2, 1
(499.5, 351.9), (496.2, 347.4), -4.6, 2.1, 0
(368.6, 442.7), (376.1, 448.2), -0.2, 4.4, 1
(401.5, 469.1), (415.1, 484.1), -3.2, -4.0, 0
(448.2, 445.0), (450.5, 461.5), 4.5, 4.0, 0
(344.5, 344.7), (359.3, 341.5), 3.9, -1.3, 1
(392.8, 323.6), (374.9, 328.9), 0.8, 1.2, 1
(477.9, 400.1), (492.6, 395.4), -2.0, -4.5, 0
(327.5, 340.1), (323.8, 342.8), 4.1, -0.4, 1
(472.5, 336.1), (455.7, 329.4), 4.9, -1.9, 0
(300.9, 354.7), (311.4, 341.4), 2.6, -0.1, 0
(325.9, 386.7), (323.1, 383.9), -0.2, -5.0, 0
(446.1, 490.0), (461.8, 500.3), 0.3, -4.8, 0
(425.3, 349.8), (433.1, 343.5), -3.7, -1.2, 1
(333.4, 464.8), (325.3, 456.4), 2.3, 1.0, 1
(386.7, 437.4), (372.1, 457.2), -0.1, 2.5, 0
(489.6, 483.6), (485.8, 472.8), 2.3, -3.7, 0
(417.9, 333.8), (412.6, 339.8), -4.6, 3.8, 1
(454.2, 424.6), (458.0, 406.5), -3.9, 3.4, 0
(437.9, 383.4), (433.2, 385.2), -0.3, -3.5, 0
(360.2, 432.3), (366.7, 423.1), 1.1, -3.6, 0
(402.3, 423.5), (393.6, 434.9), -0.0, 1.1, 1
(466.3, 494.6), (460.6, 491.0), -3.4, 0.5, 0
(437.6, 396.1), (427.0, 376.6), -4.1, -3.9, 1
(329.8, 318.0), (330.3, 327.0), -4.0, -2.4, 0
(391.4, 495.5), (381.9, 477.5), 3.1, 3.7, 1
(372.0, 435.4), (369.1, 420.0), 3.5, 3.9, 0
(470.4, 432.7), (457.2, 427.0), -0.6, 1.2, 0
(374.5, 368.5), (359.1, 364.6), -0.4, 3.4, 1
(460.0, 429.8), (471.9, 414.3), 2.0, -4.4, 0
(320.7, 482.2), (320.0, 485.0), -0.6, 1.1, 1
(422.3, 472.5), (437.5, 481.6), 3.9, -0.2, 1
(322.6, 382.3), (304.4, 372.7), -1.9, 2.0, 0
(495.6, 434.0), (489.1, 434.9), 2.0, -4.0, 0
(396.4, 432.7), (402.0, 418.7), 3.3, 3.9, 0
(302.3, 486.9), (302.6, 485.6), -0.0, -3.3, 1
(364.1, 366.2), (355.3, 366.5), 0.5, -1.2, 0
(315.8, 388.8), (318.7, 372.4), -0.0, -1.8, 1
(449.0, 303.6), (445.2, 285.0), 0.5, 3.3, 1
(478.0, 412.5), (484.2, 410.7), -1.6, 3.3, 0
(468.9, 366.4), (479.6, 370.4), 2.2, -1.4, 1
(322.8, 451.9), (311.7, 445.5), 3.3, 4.6, 1
(409.5, 374.8), (393.8, 390.7), -0.1, 3.2, 1
(321.4, 422.2), (308.9, 439.4), -1.1, -0.4, 0
(443.4, 321.6), (439.9, 338.6), 3.4, 0.9, 1
(391.5, 417.9), (391.6, 436.4), -5.0, 2.4, 1
(467.8, 396.6), (468.1, 413.4), -3.2, 0.8, 0
(320.7, 431.5), (325.0, 424.4), 3.8, -0.8, 0
(354.7, 492.7), (373.5, 490.8), -3.7, -0.9, 1
(468.6, 409.6), (461.2, 419.0), 0.5, -2.8, 0
(424.8, 358.1), (418.6, 365.0), 4.8, 1.5, 0
(400.8, 438.9), (393.7, 423.5), -1.5, -0.2, 1
(434.8, 478.8), (436.2, 493.9), -0.8, -4.9, 0
(305.1, 329.1), (311.9, 317.1), 2.5, -3.4, 1
(436.7, 329.3), (419.2, 340.7), -3.0, 0.4, 1
(462.8, 320.5), (477.5, 330.1), 3.6, 2.4, 1
(347.5, 456.9), (359.5, 448.4), 1.6, 4.3, 1
(383.3, 457.6), (390.7, 476.3), -4.5, 2.4, 0
(424.1, 456.2), (438.9, 469.4), 4.1, 2.0, 1
(451.0, 409.3), (455.2, 420.4), 4.6, -2.1, 0
(496.7, 314.9), (515.2, 324.3), -3.8, -4.6, 1
(411.3, 326.0), (414.7, 316.2), -1.7, 2.1, 0
(308.0, 485.7), (311.9, 496.7), 1.3, 3.4, 1
(398.1, 414.5), (392.4, 425.9), -1.8, -2.8, 0
(404.1, 457.3), (390.5, 459.0), -1.0, -1.5, 0
(432.7, 366.2), (424.4, 384.2), 1.2, -0.3, 0
(322.9, 369.2), (312.6, 374.9), 4.2, -2.6, 0
(436.5, 364.2), (453.1, 382.0), -1.1, 0.4, 1
(304.9, 403.4), (315.8, 403.9), 0.1, -0.1, 1
(479.7, 338.5), (480.2, 356.4), -3.3, 4.6, 0
(425.4, 342.2), (430.6, 330.7), 1.9, 3.4, 0
(407.6, 440.5), (426.6, 451.6), 1.5, 4.4, 0
(304.8, 443.4), (286.3, 426.3), -3.2, -2.5, 0
(415.0, 345.5), (405.3, 341.1), 1.3, -0.7, 0
(377.9, 323.7), (358.1, 332.5), -4.4, 2.5, 0
(440.2, 314.5), (457.3, 298.8), 2.9, -2.0, 0
(356.3, 485.3), (351.6, 498.2), -4.7, -3.4, 0
(327.3, 378.2), (339.2, 380.0), 4.6, -3.6, 1
(491.5, 302.2), (506.5, 287.9), -4.6, 0.7, 1
(407.4, 489.4), (399.6, 499.3), 4.0, -1.6, 1
(481.1, 470.3), (466.8, 457.7), 1.2, -2.5, 0
(336.3, 459.9), (350.4, 474.0), 4.3, 4.9, 1
(428.9, 314.6), (435.8, 304.7), -3.0, 0.8, 1
(371.4, 434.3), (360.8, 425.7), -4.3, -3.1, 1
(390.1, 423.3), (382.4, 426.6), 0.7, -1.4, 1
(491.7, 333.7), (484.3, 345.2), 2.1, 1.4, 1
(468.0, 326.9), (477.3, 342.0), -0.4, -1.4, 1
(397.4, 321.8), (403.2, 305.0), -2.2, 3.3, 0
(352.6, 477.3), (335.7, 460.3), -4.8, 0.1, 0
(462.5, 415.8), (473.3, 404.3), -4.6, -2.4, 1
(430.8, 329.7), (426.5, 345.4), 0.9, 3.6, 0
(392.9, 402.1), (388.8, 402.2), 1.6, 3.5, 0
(451.4, 328.1), (437.8, 330.7), 0.7, 3.7, 0
(447.2, 396.7), (441.5, 385.5), -0.1, -4.4, 1
(346.8, 433.7), (347.5, 445.4), -1.1, 4.2, 0
(308.0, 429.7), (292.1, 448.4), 1.3, -2.3, 1
(415.7, 414.0), (410.8, 409.2), 0.9, 4.0, 0
(403.3, 375.3), (419.6, 375.9), -1.5, 3.7, 1
(458.5, 477.4), (438.8, 492.7), -0.6, -2.7, 1
(342.3, 337.4), (336.8, 346.1), -3.8, -2.7, 1
(444.1, 396.3), (443.2, 384.7), -3.4, 3.3, 0
(348.7, 325.6), (352.4, 311.0), 0.1, 3.9, 0
(311.2, 351.7), (298.4, 370.0), 1.0, 0.6, 0
(475.7, 445.6), (488.6, 463.5), -2.8, 1.1, 1
(473.5, 334.1), (486.7, 338.1), 2.9, 3.2, 0
(424.6, 402.2), (411.4, 409.6), 4.2, 1.0, 0
(346.0, 377.1), (330.3, 365.2), 3.6, 0.0, 1
(465.3, 421.1), (452.4, 437.2), 1.0, 3.8, 0
(318.6, 431.9), (334.7, 433.4), -5.0, 4.4, 1
(404.4, 374.1), (386.1, 375.3), -2.7, 3.0, 1
(370.1, 460.9), (386.4, 474.4), 0.8, -0.7, 1
(395.4, 346.5), (409.8, 337.8), 3.8, -0.9, 0
(301.1, 448.7), (281.4, 449.6), 0.2, -1.2, 0
(437.6, 363.2), (432.0, 349.4), 1.5, -2.5, 1
(412.9, 422.4), (432.6, 418.3), -3.0, 0.5, 1
(335.7, 411.8), (335.1, 431.4), 0.8, 2.7, 1
(447.2, 471.0), (453.5, 480.9), -0.5, 2.0, 0
(320.1, 401.7), (331.5, 413.7), 1.1, 1.8, 0
(332.1, 492.9), (312.4, 476.6), -3.5, 4.3, 1
(317.6, 352.6), (312.5, 357.0), 2.2, 4.3, 1
(422.8, 404.2), (431.3, 408.1), 4.5, 3.2, 1
(387.8, 340.3), (394.1, 352.5), -2.1, -4.7, 0
(423.0, 434.8), (417.4, 441.0), 4.8, -4.1, 1
(455.9, 370.6), (451.7, 374.1), 0.2, 2.4, 0
(483.8, 409.9), (492.9, 412.3), 0.8, -1.5, 1
(345.3, 492.6), (343.4, 488.8), -5.0, -3.2, 0
(411.7, 400.6), (405.3, 385.3), 0.1, -2.4, 1
(438.8, 493.2), (441.4, 504.0), 2.6, 4.6, 1
(436.3, 479.3), (450.8, 478.6), -2.4, -1.2, 0
(435.4, 346.0), (428.0, 364.2), 0.2, -4.9, 1
(349.7, 318.6), (356.6, 331.4), -4.2, 4.3, 1
(362.8, 343.7), (365.7, 331.0), 2.5, 4.3, 0
(399.8, 339.9), (409.2, 354.8), -2.9, -3.0, 0
(467.3, 371.2), (478.4, 356.0), -4.2, 4.6, 1
(422.8, 452.8), (424.4, 434.5), -0.2, 1.2, 1
(479.6, 476.2), (482.6, 467.2), -3.2, 2.6, 1
(379.6, 450.0), (364.7, 451.1), -0.8, 4.4, 0
(400.5, 378.7), (407.9, 365.7), 4.8, 2.0, 1
(363.1, 301.7), (370.1, 296.9), -4.0, -1.4, 1
(337.4, 352.6), (328.2, 370.9), -1.6, -3.2, 1
(342.1, 440.1), (337.0, 454.3), -2.2, -3.2, 0
(495.9, 437.2), (508.4, 446.0), 3.0, 0.6, 1
(339.2, 460.0), (348.8, 458.9), -4.9, -0.8, 0
(499.1, 469.9), (499.8, 478.7), 2.9, -2.0, 0
(379.7, 438.1), (362.1, 450.7), -0.2, 1.3, 1
(448.9, 352.0), (443.3, 354.3), 3.1, -1.6, 1
(324.2, 473.5), (342.8, 461.4), 0.8, 1.5, 0
(495.9, 356.9), (488.9, 357.3), 2.7, -0.5, 0
(376.2, 357.3), (381.5, 343.1), -3.3, 3.1, 1
(384.4, 422.5), (380.6, 438.7), -4.2, -1.6, 1
(363.4, 358.3), (354.1, 364.1), -2.3, -0.6, 1
(449.6, 404.2), (447.6, 390.9), 3.5, -3.7, 0
(432.4, 488.1), (440.4, 471.3), -3.3, -4.0, 0
(487.4, 394.6), (469.5, 405.5), 0.2, 5.0, 0
(352.5, 331.1), (358.7, 346.5), -1.9, -2.5, 1
(388.6, 325.3), (389.7, 312.1), -4.6, -1.4, 1
(472.8, 393.4), (487.7, 410.8), 0.5, -3.6, 0
(418.2, 391.3), (428.1, 406.4), -0.7, 1.4, 1
(481.8, 396.3), (470.9, 379.9), -1.9, -0.9, 0
(360.7, 300.0), (373.3, 313.9), -1.6, -0.3, 0
(437.6, 398.4), (447.8, 390.4), 2.7, 3.0, 0
(459.4, 409.6), (446.9, 424.9), -0.6, -2.5, 1
(465.7, 344.1), (448.9, 349.1), 0.2, 3.0, 1
(356.9, 448.6), (369.3, 445.1), 3.5, -3.2, 1
(322.1, 391.1), (320.2, 399.1), -0.1, -1.8, 0
(309.9, 407.0), (297.4, 391.1), -2.3, 2.2, 0
(346.6, 330.1), (346.3, 323.8), -1.9, 3.0, 1
(392.7, 458.3), (385.9, 472.0), 4.5, -4.4, 1
(314.3, 394.0), (302.0, 407.7), 3.2, 3.3, 0
(494.9, 442.9), (490.3, 461.9), -2.5, 4.9, 0
(392.2, 454.2), (393.0, 473.5), -0.3, 1.8, 1
(487.2, 331.7), (496.4, 341.5), 0.5, -3.8, 1
(427.7, 339.7), (443.2, 354.3), -2.8, -3.9, 1
(364.9, 333.5), (355.9, 318.3), 2.9, -4.9, 0
(416.2, 438.2), (423.8, 424.3), 2.7, -2.5, 1
(318.3, 423.7), (335.5, 443.6), 1.3, -4.4, 0
(440.3, 458.3), (425.3, 447.6), 4.8, 2.9, 1
(461.1, 387.7), (448.8, 395.3), -1.4, -3.7, 0
(397.1, 387.5), (388.8, 395.4), -3.1, -3.1, 1
(364.7, 393.7), (379.4, 397.6), 3.6, -3.4, 0
(389.9, 463.9), (391.5, 462.0), 2.8, 0.1, 0
(476.6, 423.9), (471.1, 428.8), -1.8, -4.4, 1
(338.0, 436.6), (348.6, 422.8), -2.2, -0.9, 1
(322.1, 404.6), (304.8, 418.0), -3.7, 3.7, 0
(321.4, 338.3), (302.7, 344.0), -1.1, -0.1, 1
(309.8, 344.1), (318.5, 324.7), 4.2, 1.6, 0
(393.6, 427.8), (388.0, 437.5), 3.9, 3.2, 0
(464.7, 353.2), (446.4, 336.0), -2.0, 4.4, 0
(320.2, 346.2), (315.7, 333.9), 1.6, 0.7, 0
(411.7, 411.6), (421.5, 422.3), 0.8, 1.7, 1
(476.6, 333.4), (463.8, 329.4), -1.6, -3.4, 1
(486.7, 480.5), (488.7, 500.4), 3.4, -0.9, 1
(465.2, 364.7), (454.9, 366.5), -1.2, 0.5, 1
(372.0, 390.5), (390.4, 370.5), -4.7, -2.2, 0
(403.5, 498.7), (395.6, 490.7), -2.8, 3.6, 0
(454.3, 488.7), (467.2, 505.4), 0.1, 0.7, 0
(318.9, 392.1), (305.1, 382.7), 3.9, -2.5, 1
(462.2, 318.4), (458.2, 335.1), 2.3, 2.2, 1
(334.6, 465.1), (342.2, 468.2), 4.1, 1.0, 1
(307.5, 461.7), (302.7, 472.9), 4.2, -1.7, 1
(383.3, 473.6), (398.1, 462.6), 1.5, 1.0, 0
(426.8, 426.4), (408.9, 427.4), -1.8, 0.6, 1
(400.5, 344.2), (382.5, 353.4), -1.1, -0.5, 0
(344.4, 358.0), (340.2, 343.2), -4.2, 0.7, 0
(409.6, 352.5), (405.6, 349.9), 2.0, 2.6, 1
(411.9, 397.6), (417.9, 385.4), 1.2, 2.4, 0
(348.5, 353.3), (345.7, 360.6), 0.8, -3.9, 1
(384.7, 369.7), (377.5, 373.4), -4.8, -2.0, 1
(423.2, 498.0), (420.9, 483.9), -4.6, 3.2, 0
(437.1, 331.2), (446.2, 314.6), 2.4, -2.6, 0
(473.8, 464.0), (454.3, 471.8), -3.9, -0.5, 0
(366.4, 448.0), (354.9, 449.9), 2.5, 0.5, 0
(439.0, 433.7), (434.1, 449.9), 0.3, -2.4, 0
(356.8, 457.8), (361.5, 440.0), 1.5, -4.9, 1
(432.1, 432.6), (448.6, 427.0), -3.9, -2.1, 1
(346.2, 376.1), (365.3, 360.1), -1.8, 3.7, 0
(337.3, 400.1), (335.6, 417.2), -4.8, -2.5, 1
(366.7, 378.7), (353.0, 372.6), -1.5, 1.3, 0
(499.2, 495.7), (490.2, 478.2), -2.4, -1.1, 0
(488.8, 489.8), (477.9, 483.5), -1.1, -3.6, 1
(404.1, 435.6), (419.1, 443.1), -0.8, 0.7, 1
(494.1, 481.9), (487.3, 483.6), -2.9, -3.6, 0
(472.5, 361.8), (480.7, 362.8), -3.6, 5.0, 0
(431.2, 413.0), (417.6, 395.7), 0.3, 2.2, 0
(363.5, 475.9), (372.6, 486.5), 3.8, -0.9, 1
(360.7, 449.1), (373.5, 454.6), 2.4, -3.5, 0
(321.4, 336.9), (331.9, 341.4), -2.3, 0.7, 0
(419.3, 346.2), (400.3, 329.4), 2.8, -3.7, 1
(442.4, 374.8), (456.5, 374.4), -3.6, -3.1, 0
(381.7, 493.8), (398.7, 511.8), -2.8, 1.7, 0
(451.6, 313.2), (468.6, 332.7), 3.7, -0.1, 1
(473.4, 477.5), (470.5, 488.6), 1.1, 3.2, 1
(378.8, 487.8), (381.7, 489.3), 1.4, 2.0, 0
(404.1, 390.3), (417.2, 372.0), 5.0, 0.2, 1
(496.8, 307.9), (492.3, 318.5), 4.6, -3.1, 1
(379.6, 360.9), (392.7, 359.4), -0.8, 1.1, 0
(438.0, 480.7), (436.5, 486.6), -4.1, 0.0, 0
(455.7, 487.6), (463.6, 473.0), -0.9, -0.5, 0
(390.7, 479.3), (406.6, 494.6), -4.1, -1.8, 0
(443.7, 324.7), (428.2, 322.7), -1.4, 0.2, 1
(445.4, 495.0), (449.9, 481.4), 0.5, -4.6, 0
(482.5, 413.1), (488.8, 399.1), 3.7, -3.2, 0
(383.9, 361.9), (394.7, 359.8), 1.3, -3.8, 0
(492.1, 300.7), (502.7, 281.2), -0.0, -0.0, 0
(421.6, 398.7), (410.3, 405.1), -0.5, -0.6, 0
(348.9, 409.5), (353.7, 411.8), 3.3, -4.5, 0
(311.0, 369.8), (296.8, 351.1), 0.8, 1.0, 1
(484.1, 309.8), (480.8, 296.9), 1.7, 1.1, 0
(493.3, 449.9), (487.7, 431.3), 2.7, -1.8, 1
(464.1, 451.7), (477.8, 434.3), -0.3, -3.8, 1
(365.8, 382.8), (354.2, 371.1), -4.4, 0.7, 0
(396.7, 437.7), (414.1, 457.2), -2.1, 1.1, 1
(351.9, 415.0), (356.9, 432.1), 1.1, -0.0, 1
(398.5, 336.0), (402.9, 344.3), 4.8, -5.0, 0
(393.0, 459.3), (402.5, 447.6), 1.2, -0.9, 0
(366.8, 412.1), (372.3, 392.5), -3.0, -2.2, 0
(361.6, 401.3), (354.5, 381.6), 1.9, -1.6, 0
(466.4, 338.8), (479.8, 355.7), -0.2, -0.3, 0
(429.1, 396.3), (434.2, 412.0), 0.4, -1.6, 1
(485.6, 311.2), (486.4, 313.8), 1.8, 0.6, 0
(341.7, 437.1), (353.6, 452.6), -1.5, 4.7, 1
(468.1, 367.8), (463.2, 369.2), -3.3, 1.1, 0
(419.0, 472.9), (429.1, 481.1), -1.9, -4.7, 1
(317.4, 475.4), (312.2, 488.6), -2.0, 0.3, 0
(322.4, 457.0), (333.6, 473.5), -0.6, -4.8, 1
(481.0, 330.8), (474.6, 330.2), 3.7, -1.9, 1
(328.7, 474.4), (341.5, 491.9), 1.8, -3.7, 0
(391.9, 442.7), (392.8, 422.9), 4.3, 1.9, 0
(366.7, 477.8), (350.8, 488.5), 2.5, -4.8, 1
(427.8, 342.0), (415.8, 333.4), 0.3, 2.7, 0
(354.5, 331.5), (339.1, 349.8), 0.6, -4.0, 1
(409.9, 354.2), (427.6, 366.4), 0.7, -3.3, 1
(422.7, 367.7), (420.4, 353.0), -0.3, 1.8, 0
(376.7, 317.2), (372.4, 325.4), 3.9, 1.3, 1
(423.3, 362.5), (436.0, 371.0), 1.7, 0.3, 1
(413.6, 318.6), (425.7, 326.5), -4.0, -1.9, 1
(394.1, 489.5), (379.9, 505.3), -2.4, -1.4, 0
(439.9, 433.0), (451.5, 448.3), -0.5, -4.7, 1
(322.6, 395.7), (336.4, 387.0), -1.5, 0.7, 0
(381.1, 442.9), (365.4, 445.1), -4.3, -2.0, 1
(380.2, 382.7), (385.0, 384.6), 4.7, -1.2, 1
(341.6, 438.8), (338.9, 458.0), 0.7, -1.6, 0
(334.6, 433.9), (344.2, 442.4), 3.4, -3.9, 1
(365.1, 319.5), (362.9, 311.9), -0.9, 1.0, 1
(365.5, 429.0), (347.9, 417.7), -3.6, 0.8, 0
(451.4, 432.2), (449.5, 423.8), 1.2, -0.5, 0
(436.3, 363.3), (439.1, 379.8), -2.0, 4.4, 1
(443.6, 483.0), (463.2, 486.3), 1.1, 0.1, 0
(470.5, 312.5), (486.5, 331.2), -5.0, 0.6, 1
(321.9, 356.4), (303.2, 353.7), 0.9, 1.3, 1
(381.2, 387.0), (369.7, 374.0), -3.6, 0.6, 1
(468.0, 330.9), (487.9, 337.7), -3.7, -4.3, 0
(328.8, 477.0), (335.1, 496.0), -3.6, -3.6, 1
(472.0, 478.7), (479.8, 495.9), 1.2, -0.5, 1
(410.4, 390.0), (404.6, 377.4), 1.0, 0.8, 0
(442.4, 353.9), (459.5, 356.9), -4.7, -4.6, 1
(441.0, 322.6), (440.2, 330.3), -3.6, 2.3, 1
(393.0, 315.6), (408.6, 299.2), -0.3, 2.4, 0
(436.8, 407.8), (440.0, 412.4), 4.0, 0.4, 0
(393.8, 402.5), (392.5, 411.9), -0.8, 4.6, 1
(357.8, 307.1), (374.8, 317.0), 2.3, 0.6, 0
(425.9, 415.6), (428.8, 421.9), -2.1, 2.4, 0
(357.4, 316.5), (357.6, 330.6), -2.2, -3.7, 1
(355.0, 351.4), (364.7, 355.5), 4.1, 2.4, 1
(374.0, 335.1), (385.3, 324.5), -3.2, 0.3, 0
(368.6, 316.9), (354.4, 334.2), -3.5, -0.0, 1
(454.1, 347.6), (451.7, 353.1), -2.9, 2.3, 1
(310.9, 352.9), (323.6, 335.0), -0.4, -0.2, 1
(449.2, 450.5), (450.5, 445.7), 2.1, -0.3, 0
(406.1, 386.9), (397.6, 398.8), -1.2, -1.8, 0
(319.5, 406.3), (313.6, 420.0), 1.1, 1.5, 1
(367.0, 353.4), (350.9, 359.6), -1.1, 2.7, 0
(446.9, 417.7), (434.7, 411.2), 1.9, -3.2, 0
(434.6, 466.3), (415.0, 450.2), -4.0, -0.5, 0
(445.1, 350.4), (426.4, 355.2), -4.4, 0.9, 0
(490.1, 427.6), (498.4, 412.4), 3.6, -3.7, 0
(479.2, 439.1), (469.3, 437.8), 4.4, 1.4, 1
(453.9, 438.4), (460.6, 449.2), -2.4, 2.8, 1
(455.4, 376.6), (448.7, 359.0), 4.6, -2.4, 1
(313.9, 495.9), (301.9, 491.6), 1.5, -3.9, 1
(343.7, 428.7), (360.2, 437.3), -4.0, -4.3, 1
(455.4, 303.8), (455.4, 309.9), -5.0, -4.6, 1
(353.3, 440.0), (369.5, 443.0), 0.2, 4.4, 1
(395.6, 380.8), (404.7, 393.3), -4.3, -2.7, 1
(490.8, 463.6), (490.1, 466.3), 4.4, -1.4, 1
(380.1, 426.5), (398.5, 410.1), 0.3, 4.6, 0
(468.2, 452.1), (459.8, 440.2), 0.5, 4.7, 0
(359.8, 378.0), (344.0, 385.6), -0.1, 3.9, 1
(447.1, 328.0), (434.8, 336.8), 0.9, -0.1, 0
(458.5, 428.7), (458.5, 447.3), 3.1, 4.7, 0
(307.4, 311.2), (318.9, 292.9), -3.8, 3.1, 1
(488.0, 474.0), (489.5, 483.7), -2.7, -4.3, 0
(397.8, 303.8), (414.1, 308.5), -2.6, 1.5, 0
(334.4, 310.0), (326.7, 321.7), -0.4, -3.3, 0
(463.6, 321.3), (463.4, 333.2), -2.8, 3.0, 1
(367.5, 467.2), (377.0, 463.3), -3.8, 1.8, 0
(364.3, 492.9), (352.8, 474.8), -3.3, -4.4, 1
(328.2, 383.0), (336.1, 385.2), -0.6, 4.3, 0
(326.7, 458.2), (332.0, 453.3), -3.4, 3.8, 0
(301.3, 335.9), (284.8, 342.0), 3.9, -0.8, 1
(438.5, 341.2), (444.1, 342.2), -0.9, 4.4, 0
(419.3, 443.4), (423.7, 427.0), 3.3, -2.0, 1
(300.9, 347.1), (285.6, 348.3), -4.0, -1.4, 0
(392.8, 425.3), (381.2, 407.4), -3.9, -3.5, 1
(399.5, 332.0), (416.4, 314.1), -1.4, -2.9, 1
(366.9, 461.0), (377.2, 442.8), 2.4, 4.2, 0
(331.6, 305.8), (332.2, 288.6), -2.6, -0.6, 1
(383.8, 449.4), (399.7, 438.6), -3.9, -2.7, 0
(447.5, 474.0), (442.6, 462.8), -0.3, -0.2, 1
(329.0, 485.6), (327.2, 481.1), -3.6, 2.2, 1
(495.1, 340.4), (480.2, 348.1), -4.4, -3.6, 1
(391.7, 334.2), (385.5, 349.7), 1.0, 2.9, 0
(415.6, 410.6), (404.8, 407.0), 0.2, 3.6, 0
(418.3, 467.4), (409.5, 476.6), 2.4, -2.5, 1
(386.8, 344.5), (403.9, 362.3), 4.1, 4.0, 1
(496.0, 308.0), (494.9, 318.8), -4.7, 0.3, 1
(461.9, 439.3), (445.9, 439.1), -4.2, 2.5, 1
(490.0, 326.5), (481.8, 332.4), -4.1, -0.2, 1
(332.4, 391.9), (335.2, 395.2), 4.8, -0.4, 0
(474.8, 381.1), (486.4, 375.9), -0.4, 1.3, 0
(377.0, 438.2), (378.2, 430.0), 2.5, 2.0, 0
(457.5, 316.2), (472.8, 325.6), -4.5, 4.5, 1
(477.6, 322.2), (472.2, 327.0), -1.3, -3.2, 0
(412.2, 454.7), (397.7, 448.1), 0.4, 1.5, 0
(450.6, 452.2), (443.5, 468.1), 0.0, -0.8, 0
(312.7, 369.0), (312.1, 370.1), -3.8, 2.1, 1
(390.4, 373.6), (397.3, 381.4), 4.8, 3.8, 0
(478.4, 391.6), (461.6, 407.5), -2.1, 4.6, 0
(333.0, 322.4), (318.9, 308.4), -3.0, 4.5, 0
(358.6, 493.9), (360.3, 479.2), -1.5, -0.6, 0
(358.3, 312.6), (373.2, 301.9), 4.5, 1.4, 1
(415.7, 431.2), (427.2, 430.6), 1.7, 0.3, 1
(391.6, 413.5), (407.5, 405.7), 2.9, -2.7, 1
(494.1, 453.9), (476.0, 448.1), -0.4, -3.3, 0
(442.4, 357.0), (461.3, 370.6), 1.9, 1.7, 0
(332.3, 323.4), (352.0, 326.4), -0.6, -1.3, 0
(412.5, 306.9), (405.2, 300.7), -1.3, 0.4, 0
(406.7, 324.3), (387.7, 341.5), 2.7, 4.5, 1
(331.2, 494.0), (333.1, 494.3), 1.5, -2.0, 1
(493.9, 450.8), (513.7, 457.5), 3.0, 2.3, 1
(367.7, 322.5), (366.9, 304.1), 1.8, -3.8, 0
(380.3, 468.2), (378.2, 451.9), -4.4, 1.4, 0
(456.3, 453.4), (444.1, 436.8), 3.5, 1.8, 0
(495.2, 378.9), (494.8, 383.0), 0.1, -4.4, 1
(379.5, 443.2), (376.6, 438.6), -4.9, -1.6, 1
(495.5, 474.9), (479.0, 484.0), -0.6, 4.9, 1
(357.7, 461.1), (376.5, 458.1), 4.0, -3.6, 0
(328.7, 360.6), (348.3, 361.7), -1.6, 4.3, 1
(317.7, 381.9), (334.3, 378.5), 0.6, 2.1, 0
(339.9, 466.5), (331.4, 466.1), 3.2, -2.0, 1
(398.8, 448.0), (387.8, 459.6), -3.5, -2.0, 1
(324.8, 433.2), (316.3, 420.4), 4.1, 1.4, 0
(323.9, 355.4), (343.6, 338.1), 2.5, 0.8, 1
(473.7, 425.6), (472.7, 433.4), -3.8, 0.1, 0
(469.1, 332.6), (451.4, 325.4), 3.8, -3.6, 0
(310.6, 372.2), (316.0, 390.4), -4.5, -2.1, 0
(402.8, 453.3), (390.1, 437.1), 2.5, 0.4, 1
(465.4, 437.0), (457.4, 444.4), 1.9, -4.0, 1
(464.7, 302.6), (465.4, 297.5), -0.2, -1.6, 0
(320.5, 330.9), (309.3, 318.4), 4.0, 1.1, 0
(383.5, 483.2), (368.1, 468.5), -4.8, -1.5, 1
(327.8, 388.4), (347.3, 389.3), 4.7, -3.3, 1
(305.8, 462.9), (294.6, 477.2), -3.6, -2.7, 0
(342.0, 496.2), (339.0, 506.7), -3.9, -4.8, 1
(451.5, 308.5), (435.8, 320.2), 0.1, -4.4, 0
(481.7, 308.7), (473.8, 289.1), -4.0, -3.8, 0
(417.5, 340.0), (424.3, 321.2), -3.5, 2.5, 1
(489.8, 369.6), (476.2, 369.6), 2.3, -2.6, 0
(319.8, 415.6), (300.4, 404.3), -3.1, -2.2, 0
(494.7, 319.7), (483.3, 319.9), 2.1, -1.3, 0
(387.9, 491.5), (375.2, 485.7), -1.2, -2.9, 0
(381.5, 452.3), (374.1, 450.9), 0.2, -0.0, 1
(440.9, 411.4), (422.6, 404.6), -3.8, -2.2, 1
(437.4, 468.2), (426.4, 464.5), 4.8, -0.7, 0
(479.0, 460.5), (496.5, 455.2), -4.9, 1.7, 0
(379.3, 404.5), (386.3, 389.3), -1.1, 2.0, 0
(448.3, 478.5), (435.0, 473.0), -3.0, -3.0, 1
(324.6, 467.6), (333.6, 458.8), 2.1, 0.8, 1
(451.3, 460.2), (469.0, 454.4), 1.7, 4.5, 1
(402.3, 329.5), (400.5, 314.4), -0.1, -2.7, 0
(305.9, 447.6), (319.2, 447.5), -4.7, -3.2, 1
(330.5, 424.4), (314.4, 407.5), 2.5, 2.7, 1
(340.4, 432.4), (340.0, 422.9), -1.6, 3.6, 0
(490.5, 306.3), (487.7, 322.9), -1.2, -1.9, 1
(388.5, 307.2), (375.6, 313.6), 2.8, 3.8, 0
(398.3, 326.9), (406.9, 326.4), -3.9, 1.8, 1
(395.2, 470.9), (395.4, 466.5), -0.1, 4.7, 1
(453.3, 356.9), (435.8, 360.5), -3.7, -1.3, 0
(453.0, 425.0), (448.3, 422.2), 4.9, -0.9, 0
(432.2, 349.5), (438.2, 353.2), 4.1, -4.3, 1
(322.9, 334.0), (324.4, 315.5), 1.6, -0.8, 1
(353.3, 439.2), (356.8, 458.6), -1.2, -1.1, 0
(461.7, 320.0), (468.7, 313.5), 0.0, 2.6, 1
(333.3, 359.9), (352.1, 348.0), 1.4, 4.7, 0
(468.1, 407.2), (459.6, 389.1), 5.0, -1.0, 0
(424.9, 491.6), (433.6, 494.7), 0.9, -2.3, 1
(385.4, 369.5), (368.5, 382.4), 0.0, -2.0, 1
(340.0, 380.5), (345.0, 378.6), 2.6, -3.2, 0
(425.6, 403.2), (413.0, 403.2), 1.6, 3.2, 1
(353.6, 427.6), (365.9, 441.7), 4.1, 4.3, 0
(404.5, 372.9), (390.4, 358.9), 1.9, -2.0, 1
(382.1, 472.0), (398.5, 477.4), 3.5, -2.3, 1
(429.2, 351.3), (433.3, 347.5), -3.9, -3.1, 0
(459.4, 362.1), (458.8, 381.8), -0.8, 4.1, 0
(331.9, 327.3), (322.2, 339.4), 1.6, -3.2, 0
(492.8, 397.2), (473.6, 411.6), -4.2, 1.0, 0
(480.1, 381.4), (474.7, 387.7), -4.1, 4.4, 0
(347.2, 414.2), (347.2, 399.0), 1.6, 0.8, 1
(399.3, 318.0), (403.3, 329.0), -1.9, 3.3, 1
(461.2, 448.8), (478.6, 437.5), -3.9, -2.9, 1
(387.9, 350.9), (391.5, 350.5), -1.3, 4.5, 1
(409.1, 395.0), (399.0, 386.1), 2.8, -3.6, 1
(443.1, 464.3), (424.0, 482.9), 1.1, 3.4, 0
(438.1, 457.8), (427.7, 459.9), -1.9, 4.6, 1
(480.6, 437.0), (482.0, 426.5), -0.6, -4.9, 1
(485.5, 483.6), (477.5, 501.0), 2.6, -2.0, 0
(483.2, 426.3), (498.4, 436.9), -0.9, -4.7, 0
(464.6, 488.1), (463.5, 484.6), 3.4, 2.2, 0
(464.9, 439.7), (465.1, 433.8), 1.0, 3.1, 1
(390.7, 305.5), (372.7, 311.1), 1.3, 2.9, 0
(300.6, 340.0), (292.8, 343.0), -3.9, -2.5, 0
(469.4, 437.2), (481.1, 429.9), -0.2, 2.4, 1
(334.7, 418.6), (327.8, 409.9), -4.2, -1.3, 1
(475.3, 489.0), (490.7, 477.9), 4.5, 4.2, 0
(481.4, 494.8), (469.3, 502.9), -3.3, -1.0, 1
(420.1, 329.9), (438.4, 316.7), 0.7, -4.9, 1
(454.7, 485.7), (467.8, 485.4), -2.8, -3.0, 1
(357.6, 398.8), (342.8, 413.1), 1.0, 5.0, 1
(445.3, 337.9), (432.6, 349.6), -4.7, 4.8, 0
(423.5, 481.5), (418.3, 488.8), -0.4, -4.9, 0
(474.3, 494.9), (470.2, 483.4), -1.2, -0.8, 1
(314.6, 411.4), (296.7, 428.6), -0.3, -1.5, 0
(301.1, 400.9), (296.3, 420.0), 1.7, -3.7, 0
(416.1, 352.1), (416.2, 369.3), 3.8, -3.7, 1
(442.1, 386.6), (432.5, 379.1), 4.8, -0.0, 1
(449.6, 485.2), (440.9, 500.3), 1.1, 2.6, 1
(403.4, 387.2), (390.0, 396.6), -0.1, 4.5, 1
(310.6, 329.7), (299.8, 311.2), -2.4, 2.1, 1
(323.2, 479.0), (323.0, 476.7), 4.9, 0.6, 1
(398.6, 469.2), (413.3, 454.1), -4.1, 3.7, 0
(467.0, 450.0), (479.9, 452.5), 1.6, -2.9, 0
(405.2, 414.2), (401.9, 397.2), 2.7, 1.8, 1
(305.2, 436.3), (312.4, 432.0), 0.9, 4.5, 1
(330.8, 316.2), (344.0, 322.6), -0.5, 4.6, 0
(365.9, 308.8), (370.8, 306.9), 4.5, 5.0, 0
(342.3, 309.7), (348.0, 302.7), -4.4, -4.3, 1
(318.5, 351.0), (308.1, 361.9), -1.0, -4.8, 0
(332.6, 455.9), (324.0, 466.0), 1.5, -3.8, 1
(460.2, 447.2), (477.1, 463.3), 1.0, -1.4, 0
(466.4, 402.5), (466.0, 417.9), -0.2, 0.6, 1
(318.0, 384.5), (312.8, 372.0), 1.3, -4.1, 1
(494.7, 435.3), (500.6, 443.8), 4.3, 0.3, 0
(358.1, 387.5), (374.4, 386.6), -3.5, -3.7, 1
(468.3, 404.6), (460.1, 386.5), -4.2, -4.5, 0
(402.1, 382.6), (400.7, 391.4), 3.1, -1.4, 0
(453.7, 303.3), (463.4, 301.8), 2.9, 3.4, 0
(316.7, 475.4), (308.6, 478.8), -0.5, 1.7, 1
(368.3, 483.6), (380.7, 472.1), -4.2, 4.8, 1
(474.3, 321.3), (475.7, 301.5), -3.8, -3.3, 1
(392.0, 381.0), (398.3, 390.8), 2.3, -2.0, 1
(438.1, 492.6), (445.1, 504.8), -4.1, -3.6, 0
(322.4, 303.2), (341.2, 317.5), -2.9, 1.5, 0
(387.2, 425.2), (398.8, 412.8), -2.0, -0.4, 1
(384.4, 323.3), (400.5, 332.8), -0.5, -0.1, 0
(472.0, 417.0), (460.0, 419.8), 3.3, -4.5, 0
(320.5, 469.5), (317.8, 466.2), -0.0, 0.8, 1
(307.4, 379.9), (307.9, 388.9), 4.4, 4.1, 1
(346.4, 312.1), (327.1, 315.2), 0.5, -2.3, 1
(477.8, 323.4), (482.7, 329.2), -0.5, -0.6, 0
(357.6, 338.4), (351.4, 327.7), -2.8, 4.1, 1
(484.3, 470.7), (493.0, 469.4), 3.8, 2.2, 1
(492.0, 466.6), (498.9, 476.0), 3.0, 3.0, 0
(424.4, 356.5), (434.3, 363.2), -3.7, -3.0, 1
(320.2, 383.2), (339.9, 375.3), -2.9, -4.5, 0
(371.8, 352.2), (378.8, 339.2), 3.6, 0.0, 0
(367.5, 322.8), (356.6, 325.3), -0.1, 4.9, 1
(453.9, 454.0), (456.2, 469.9), 3.5, 3.7, 0
(441.3, 485.3), (438.8, 483.6), 3.4, -3.9, 0
(456.3, 421.9), (470.7, 406.0), 0.6, 0.1, 0
(426.0, 474.2), (442.4, 460.5), -2.1, -0.6, 1
(446.5, 319.9), (452.4, 313.2), -3.6, 3.5, 1
(493.9, 453.8), (474.2, 467.2), -0.3, -2.1, 0
(317.0, 374.5), (327.2, 368.9), 1.6, -3.5, 1
(457.4, 327.6), (454.6, 344.3), 4.0, 4.5, 1
(488.7, 388.5), (499.6, 397.2), 0.2, -4.3, 1
(363.0, 496.4), (349.5, 478.8), 2.6, 1.6, 0
(480.5, 311.6), (485.8, 320.1), 1.6, 0.2, 1
(383.9, 477.2), (391.9, 492.1), 2.2, -1.9, 1
(301.6, 356.0), (302.7, 372.8), 2.0, -0.5, 0
(477.5, 424.9), (482.2, 422.6), -1.5, 3.1, 1
(455.1, 476.2), (438.5, 477.7), -1.1, 2.2, 0
(404.1, 408.2), (392.6, 408.6), -1.9, -1.6, 0
(304.7, 478.1), (306.3, 468.4), 3.3, -2.0, 1
(497.4, 322.1), (479.8, 317.0), 1.3, -1.5, 0
(451.3, 488.3), (449.3, 491.2), -4.9, -1.6, 0
(461.1, 497.8), (463.7, 513.6), 1.3, 0.3, 0
(370.1, 356.9), (381.5, 365.5), 1.7, 2.1, 0
(321.0, 403.3), (308.7, 414.4), -0.5, -3.5, 1
(465.7, 316.4), (448.2, 331.9), -0.2, -0.5, 1
(435.4, 380.6), (437.7, 391.7), 3.7, 0.8, 1
(499.3, 437.8), (517.2, 447.1), -0.8, -3.4, 0
(397.0, 391.5), (415.7, 392.1), 0.3, 1.9, 1
(394.7, 449.3), (412.4, 444.1), 4.5, 1.0, 1
(322.1, 373.9), (313.7, 374.8), -3.8, -2.0, 1
(360.7, 397.2), (372.3, 382.9), 0.9, -4.5, 1
(477.8, 343.1), (490.6, 342.7), -3.8, -1.5, 0
(383.5, 414.6), (386.1, 430.6), 2.8, -0.2, 0
(452.4, 401.0), (450.8, 398.9), -0.5, 3.7, 1
(317.9, 425.0), (322.8, 420.4), 4.0, -1.6, 0
(491.6, 478.0), (501.1, 483.8), 3.7, 2.1, 1
(412.2, 324.8), (414.6, 312.5), 1.2, 0.8, 0
(491.5, 404.4), (501.5, 404.5), -4.8, 1.6, 0
(492.5, 355.0), (480.7, 368.2), 3.4, 0.8, 0
(461.4, 421.4), (457.5, 403.2), 3.6, -4.8, 1
(336.1, 304.8), (337.2, 300.1), -4.1, 4.8, 0
(357.1, 336.5), (367.8, 322.7), 4.5, 1.8, 0
(422.9, 365.1), (404.0, 347.4), -1.1, -1.8, 1
(478.6, 351.6), (496.3, 367.6), -4.5, -2.6, 0
(398.6, 450.5), (394.0, 435.1), -4.4, -0.4, 1
(313.1, 305.8), (318.4, 322.3), -4.8, 0.5, 0
(349.3, 410.9), (360.7, 403.1), -0.9, -4.2, 0
(456.6, 328.5), (458.2, 315.2), -2.5, 4.5, 1
(308.4, 462.5), (326.8, 467.4), 1.5, -3.3, 0
(486.7, 396.4), (490.6, 410.0), -1.2, -1.5, 0
(417.0, 402.1), (398.9, 411.6), 0.6, -2.0, 1
(439.7, 466.1), (448.7, 486.1), 3.8, -2.9, 1
(476.8, 489.1), (482.2, 508.3), 2.1, -2.3, 1
(368.3, 392.0), (372.3, 372.6), 1.9, 1.5, 0
(421.8, 300.9), (402.1, 287.8), 0.6, 2.0, 1
(452.5, 407.6), (464.0, 413.6), -4.2, -4.7, 1
(434.4, 370.6), (447.0, 383.7), -1.4, -3.2, 0
(325.0, 374.1), (312.7, 354.5), 2.4, 2.6, 1
(338.3, 463.3), (343.3, 475.6), -2.8, 4.8, 1
(307.4, 398.6), (315.5, 402.8), -4.9, 4.8, 1
(322.2, 355.5), (322.2, 342.3), -3.1, 2.4, 0
(313.1, 325.6), (295.7, 316.0), 0.7, -2.7, 1
(338.4, 435.6), (358.0, 443.3), 0.3, -2.5, 1
(300.4, 385.4), (307.3, 391.4), 3.5, -1.8, 1
(354.8, 436.0), (353.5, 430.5), 2.6, 3.8, 0
(309.4, 483.7), (310.7, 476.3), -1.1, -1.7, 0
(498.1, 345.1), (505.6, 363.4), 4.2, -3.0, 1
(362.2, 425.2), (346.0, 424.4), 3.1, 0.9, 1
(468.1, 349.4), (467.0, 367.8), 3.3, 3.2, 0
(488.7, 455.1), (493.5, 465.7), 1.3, 0.8, 0
(494.9, 483.3), (490.0, 498.9), 1.9, 2.8, 0
(483.8, 388.4), (475.9, 393.4), -4.3, 1.8, 0
(359.0, 376.3), (342.8, 386.4), -2.7, 1.0, 0
(390.7, 392.8), (387.8, 397.7), -4.0, 1.5, 0
(390.8, 365.6), (378.5, 349.7), 1.0, -4.3, 0
(480.9, 325.2), (481.2, 319.4), -0.2, 1.2, 0
(348.6, 459.4), (331.1, 451.9), -0.6, 4.6, 1
(362.2, 477.0), (373.3, 462.9), -1.9, -1.6, 1
(494.1, 403.5), (500.4, 389.3), -2.6, 3.2, 0
(384.4, 339.1), (372.4, 355.4), 2.9, -1.6, 1
(439.0, 496.4), (442.9, 489.6), 0.8, 4.6, 1
(383.7, 332.5), (381.9, 344.0), -4.6, -2.8, 0
(427.8, 438.6), (426.4, 427.2), -0.2, 2.7, 1
(461.5, 375.2), (457.5, 388.2), -4.9, -4.9, 1
(306.0, 323.0), (297.6, 310.8), 0.9, 2.7, 0
(495.1, 339.8), (486.4, 328.6), -2.4, -3.3, 0
(335.7, 304.3), (349.4, 320.7), -4.8, 1.8, 1
(431.0, 477.0), (424.5, 465.4), -0.4, -1.3, 1
(432.2, 488.2), (451.3, 508.1), 3.8, 3.8, 0
(323.7, 476.5), (308.9, 464.1), 0.3, 1.9, 1
(419.9, 495.4), (409.7, 477.2), 1.2, -3.1, 1
(457.9, 365.5), (440.0, 377.4), 3.7, 3.5, 1
(341.8, 316.3), (340.7, 322.8), -4.4, 0.1, 1
(399.7, 392.9), (392.6, 387.8), 1.9, 2.2, 1
(394.8, 416.2), (400.3, 427.9), 1.5, -2.9, 0
(390.4, 346.9), (379.2, 343.9), -1.2, -3.4, 1
(350.9, 317.0), (361.0, 308.8), 0.2, -2.7, 0
(393.1, 424.2), (390.1, 422.9), -0.9, 3.0, 1
(354.6, 304.9), (352.3, 295.6), -4.2, 4.0, 1
(468.5, 402.6), (474.3, 414.0), 4.3, -4.0, 0
(372.0, 409.2), (365.4, 416.2), -2.5, 2.5, 1
(338.1, 420.8), (323.6, 435.0), 2.2, 0.4, 1
(301.7, 359.9), (314.6, 371.2), -1.0, -0.9, 0
(394.4, 402.5), (404.8, 388.5), -1.0, -2.7, 0
(394.9, 403.2), (406.3, 413.5), 2.2, -0.4, 0
(362.6, 337.6), (373.4, 345.5), -2.9, -0.5, 0
(374.9, 415.5), (360.1, 433.2), -4.9, 3.1, 1
(368.0, 383.8), (375.4, 380.0), 2.8, 0.4, 1
(417.4, 413.5), (398.7, 399.1), 4.8, 4.9, 1
(496.0, 340.8), (491.7, 342.2), -3.1, -3.9, 1
(427.8, 360.9), (414.7, 367.9), -3.2, 3.3, 1
(305.4, 339.8), (321.8, 335.2), -2.9, -2.1, 0
(390.9, 373.7), (371.4, 366.8), 4.1, -1.1, 0
(325.8, 383.7), (335.6, 379.2), 4.0, -2.9, 0
(362.0, 463.6), (368.5, 449.9), 0.8, -1.9, 0
(400.5, 437.0), (391.5, 417.3), -3.6, -4.4, 1
(421.0, 349.4), (414.1, 352.1), -0.1, -0.4, 0
(447.5, 357.6), (462.7, 355.8), 2.0, 2.1, 1
(378.2, 464.7), (392.2, 461.3), -3.2, 1.2, 1
(391.6, 482.2), (378.9, 484.9), -1.1, 4.5, 0
(477.1, 331.6), (492.4, 333.1), 1.7, -4.3, 0
(481.7, 382.3), (492.2, 367.1), -1.3, 2.6, 1
(382.0, 333.0), (370.3, 314.8), -4.7, 1.4, 1
(376.2, 449.2), (390.5, 445.1), -4.9, -3.9, 0
(365.4, 449.7), (364.8, 432.5), 0.5, -2.6, 1
(328.1, 464.1), (341.7, 450.9), -4.8, -4.0, 1
(324.8, 448.3), (311.6, 455.1), -4.9, -2.3, 1
(371.6, 343.3), (353.0, 350.3), -2.8, 2.0, 0
(378.1, 361.7), (360.2, 341.9), 2.7, 2.7, 0
(374.9, 347.7), (358.6, 344.6), 4.9, -1.6, 0
(436.0, 312.6), (454.3, 296.5), 3.4, 1.6, 0
(308.8, 402.5), (321.4, 395.4), 1.3, 1.2, 1
(487.8, 324.2), (476.3, 318.4), -3.3, -1.0, 1
(302.4, 342.6), (291.2, 348.9), -2.2, 1.2, 0
(313.5, 343.7), (305.5, 347.7), 4.8, -4.0, 0
(350.4, 318.9), (343.4, 324.2), -1.1, 4.2, 0
(366.4, 427.1), (381.8, 419.8), 3.5, -0.2, 1
(303.5, 482.4), (301.5, 482.9), 2.4, 0.0, 0
(346.5, 423.3), (362.4, 415.6), 2.4, 2.6, 0
(312.0, 374.9), (303.8, 361.0), -3.0, -4.6, 1
(447.9, 365.7), (439.0, 371.5), 2.6, 0.2, 1
(429.6, 357.7), (410.6, 371.6), -1.7, -2.6, 0
(481.3, 433.0), (471.3, 440.5), 2.2, 1.1, 1
(404.3, 336.7), (409.5, 319.3), -0.1, 4.5, 0
(426.9, 328.3), (415.0, 312.0), 0.9, 3.3, 0
(347.3, 315.6), (356.3, 308.1), 2.2, -2.6, 0
(421.2, 360.6), (424.2, 379.3), -3.0, 3.6, 1
(316.0, 494.5), (311.9, 481.2), -0.6, 0.1, 1
(452.1, 463.9), (463.8, 444.7), -1.2, 3.5, 1
(419.0, 330.6), (428.1, 320.9), -0.4, -0.5, 1
(412.4, 396.2), (405.8, 404.8), -3.0, 4.2, 0
(302.6, 400.1), (311.6, 399.8), 4.3, 4.4, 1
(376.8, 361.6), (396.3, 344.4), 3.8, 4.9, 0
(377.0, 413.1), (364.7, 410.6), -2.4, 4.1, 1
(401.9, 397.7), (409.5, 405.6), 1.5, 4.3, 0
(348.5, 306.9), (361.0, 312.1), 1.8, 2.0, 0
(352.3, 391.1), (359.5, 381.3), 1.0, 4.5, 0
(302.5, 454.2), (308.2, 470.9), -1.0, 0.9, 0
(403.7, 337.8), (400.6, 351.0), -2.5, -2.0, 1
(417.2, 446.8), (427.3, 463.8), 3.7, -3.9, 1
(462.8, 353.8), (451.2, 363.7), 2.0, -4.9, 0
(463.3, 300.3), (446.1, 308.2), 0.2, 1.5, 1
(334.1, 374.9), (342.3, 362.9), -3.2, 4.5, 1
(413.4, 342.5), (401.5, 352.5), 3.1, -3.1, 1
(388.1, 482.6), (372.5, 488.1), -4.2, -4.1, 0
(355.4, 368.4), (358.8, 367.5), 1.7, -4.0, 0
(353.2, 491.0), (359.8, 502.6), -4.6, -2.9, 0
(375.1, 404.0), (393.6, 394.6), -0.1, 2.6, 1
(367.3, 436.4), (361.0, 429.0), -2.6, -1.4, 1
(375.7, 311.4), (369.9, 304.7), -4.0, -0.4, 1
(445.0, 477.6), (430.6, 481.7), 3.7, -2.2, 0
(373.7, 423.7), (380.0, 422.7), -0.9, -3.1, 1
(303.3, 372.0), (285.2, 384.3), -1.7, -0.6, 1
(380.0, 422.5), (363.3, 419.6), 4.3, 4.3, 0
(446.9, 358.8), (434.7, 344.5), 0.2, 0.7, 0
(325.6, 459.4), (317.6, 466.3), 0.5, 3.7, 0
(479.3, 491.0), (478.6, 492.6), -2.6, -3.3, 0
(321.1, 498.7), (302.3, 515.8), -1.7, -1.2, 1
(344.1, 351.5), (343.1, 367.4), -3.8, -3.6, 1
(318.1, 438.4), (333.0, 455.6), 2.7, 1.0, 1
(375.4, 443.5), (384.8, 438.8), 1.4, 0.6, 1
(461.7, 344.7), (446.3, 328.2), -4.1, 2.4, 0
(448.9, 323.2), (443.6, 337.4), 4.5, 0.8, 0
(362.2, 418.0), (349.8, 413.5), -0.8, 2.7, 0
(404.0, 420.3), (392.8, 416.1), 0.4, -0.4, 0
(463.2, 359.4), (452.0, 366.6), -3.5, -2.2, 0
(419.8, 361.8), (439.4, 346.7), 5.0, 2.1, 1
(426.2, 343.1), (417.9, 361.8), -4.4, 3.1, 0
(465.6, 342.1), (474.9, 354.5), 2.0, -4.5, 0
(471.4, 445.5), (463.3, 458.1), 4.1, -3.4, 0
(409.6, 367.5), (416.7, 387.1), 2.6, -1.1, 1
(356.5, 484.6), (364.5, 486.5), -4.0, -1.8, 0
(470.0, 441.9), (468.3, 428.5), -3.6, 2.0, 1
(479.4, 342.0), (491.6, 329.8), 1.5, -1.4, 0
(435.7, 497.7), (421.6, 515.7), -0.7, 3.4, 0
(319.2, 494.8), (306.4, 476.9), 4.8, 1.5, 1
(493.9, 425.4), (490.1, 406.8), -2.6, -0.1, 0
(430.6, 375.1), (438.2, 386.9), 1.6, 2.8, 1
(355.0, 430.6), (349.7, 415.4), -4.2, -0.1, 0
(304.6, 414.6), (307.5, 405.5), 2.5, 2.9, 0
(376.8, 500.0), (384.9, 491.9), -3.7, -1.7, 0
(381.1, 440.1), (376.8, 452.8), 2.8, 0.3, 0
(403.8, 416.9), (412.3, 428.5), -3.8, 2.5, 0
(336.1, 419.8), (323.3, 422.0), 3.0, -3.8, 0
(415.0, 430.5), (398.5, 420.8), 2.5, -4.2, 0
(401.2, 372.7), (403.0, 369.6), 4.5, -5.0, 1
(309.2, 489.2), (325.4, 480.9), 0.3, -3.6, 1
(439.0, 404.5), (458.5, 398.6), 0.4, -2.9, 0
(432.5, 308.9), (414.0, 294.6), 3.6, -2.8, 0
(420.4, 343.2), (414.8, 328.3), 1.2, -4.3, 1
(352.1, 430.0), (338.7, 428.2), 4.4, 1.8, 0
(407.2, 314.1), (416.5, 333.9), 2.0, -3.1, 1
(412.7, 429.6), (413.2, 416.1), 3.2, -1.8, 1
(375.8, 492.8), (365.7, 483.6), 0.3, 1.8, 1
(313.2, 428.0), (307.7, 421.4), -2.3, 3.7, 0
(354.7, 319.6), (373.9, 308.5), 4.5, 2.8, 0
(335.1, 445.7), (327.4, 458.5), -0.1, 0.3, 1
(410.3, 421.5), (426.2, 408.3), 4.5, -1.1, 1
(461.2, 435.6), (472.8, 437.6), 3.8, -1.0, 0
(351.8, 437.3), (360.3, 443.6), -3.6, 0.7, 1
(310.6, 445.1), (329.6, 453.4), -2.5, 1.1, 1
(336.6, 497.2), (348.6, 497.3), -2.2, -0.7, 0
(361.0, 471.6), (378.9, 467.8), -1.9, -4.1, 0
(315.3, 348.0), (299.1, 351.0), -4.2, -2.1, 1
(461.7, 302.1), (479.6, 309.2), 4.3, -3.6, 1
(403.0, 499.6), (418.5, 507.5), -0.9, 1.2, 0
(442.8, 440.5), (452.8, 430.3), 2.4, 4.5, 0
(421.5, 492.9), (428.5, 508.2), 0.2, -2.7, 0
(373.4, 326.7), (367.5, 308.7), -0.0, -3.3, 0
(367.6, 435.8), (380.9, 449.8), 3.6, -2.1, 1
(358.7, 342.6), (368.2, 345.4), -2.8, -2.0, 0
(487.1, 478.5), (501.0, 460.8), -4.9, -0.4, 1
(370.8, 301.0), (386.4, 288.5), -1.5, -4.0, 1
(339.5, 405.8), (355.4, 402.2), 4.1, -4.9, 1
(345.2, 379.1), (337.2, 376.2), -3.2, 3.1, 0
(497.9, 431.3), (495.4, 416.9), 2.5, -4.9, 0
(322.1, 357.0), (307.5, 353.8), -1.7, -4.7, 0
(489.7, 491.9), (509.0, 476.7), -0.1, -0.0, 0
(365.0, 452.9), (380.2, 453.0), 4.2, 3.4, 1
(326.3, 491.5), (338.0, 476.6), -1.6, -4.9, 0
(310.4, 466.0), (307.6, 469.9), -4.9, -0.2, 1
(397.2, 452.2), (387.1, 438.3), 0.1, -2.5, 0
(472.8, 498.9), (462.7, 511.7), -3.0, 2.1, 0
(440.2, 400.5), (427.5, 420.2), 0.9, 1.3, 0
(324.1, 380.3), (315.0, 367.9), -3.5, -4.8, 0
(318.2, 310.2), (314.5, 302.4), 1.3, -2.7, 1
(385.2, 312.3), (382.3, 294.3), -3.9, -1.4, 1
(442.3, 349.4), (458.1, 336.7), -5.0, 1.6, 1
(342.4, 394.4), (358.7, 378.4), -3.2, 4.5, 1
(366.9, 322.3), (373.6, 329.6), 2.7, -3.7, 1
(448.3, 372.3), (459.4, 373.4), -1.3, 1.5, 0
(416.9, 317.4), (401.1, 322.6), 1.0, -4.6, 0
(338.6, 389.2), (322.5, 406.8), 1.2, -2.0, 1
(497.9, 340.4), (506.8, 322.2), -3.1, 0.5, 1
(478.3, 451.9), (492.2, 454.3), -1.5, -1.3, 0
(482.2, 313.5), (478.9, 330.8), 0.0, -4.8, 1
(439.3, 325.8), (421.2, 328.4), 2.9, 1.9, 1
(399.0, 406.5), (399.5, 389.5), -0.6, 0.1, 1
(380.2, 354.3), (367.5, 340.7), -2.8, 2.0, 1
(400.8, 444.1), (391.1, 458.2), -2.0, -2.3, 0
(334.2, 309.1), (323.8, 290.7), -3.5, 3.8, 0
(354.1, 458.1), (359.8, 448.1), 3.2, 0.3, 0
(429.7, 426.5), (448.6, 419.5), 4.5, 3.8, 1
(444.4, 381.7), (448.9, 374.7), -4.4, 3.2, 1
(343.9, 493.0), (330.9, 511.9), 0.4, 4.8, 0
(444.5, 437.6), (462.3, 427.9), 1.3, 1.0, 0
(463.4, 344.1), (454.1, 347.4), 3.1, 2.5, 0
(389.2, 446.0), (386.6, 431.9), -0.2, -0.0, 1
(337.0, 472.5), (324.6, 472.1), 2.3, 1.5, 0
(362.0, 477.1), (374.7, 484.5), -3.1, -3.6, 1
(349.1, 481.8), (367.9, 465.8), 0.3, 2.3, 0
(420.7, 375.6), (401.5, 388.6), 2.6, 1.4, 0
(326.4, 454.0), (317.1, 471.6), 1.0, 2.9, 0
(491.5, 321.3), (501.0, 314.8), 2.1, -3.0, 1
(451.9, 478.5), (464.6, 470.8), -0.2, -2.6, 1
(425.5, 324.6), (438.5, 308.7), -2.0, 0.1, 1
(328.4, 482.4), (309.3, 479.5), -3.5, 1.6, 0
(484.3, 436.9), (491.8, 445.5), 4.0, -0.1, 0
(344.9, 491.3), (336.2, 474.3), -1.7, -1.4, 0
(479.1, 420.9), (466.2, 422.1), 1.0, 1.8, 0
(478.6, 437.4), (483.6, 428.9), 3.8, -2.3, 1
(432.3, 486.6), (444.8, 495.0), -4.2, -5.0, 0
(455.6, 329.3), (441.5, 327.2), 3.0, 4.8, 0
(322.6, 385.5), (331.7, 371.3), -1.8, -3.7, 1
(370.5, 398.8), (369.8, 417.8), 1.0, 1.4, 0
(460.4, 430.8), (450.3, 427.5), -0.0, 0.3, 0
(376.9, 416.2), (373.8, 419.3), 1.9, 2.5, 0
(347.0, 300.6), (366.8, 281.3), 0.6, 4.6, 0
(311.9, 369.9), (325.9, 384.5), 3.2, -2.1, 0
(467.1, 410.3), (484.3, 407.1), -2.9, -2.8, 0
(323.4, 439.2), (309.2, 448.5), 2.0, -0.8, 0
(440.3, 432.5), (423.2, 446.0), 3.7, -4.7, 1
(328.3, 349.0), (308.8, 362.3), -0.8, 2.7, 1
(448.7, 449.6), (456.7, 441.6), -0.9, -1.6, 0
(357.4, 331.2), (372.6, 312.5), 2.5, 0.0, 0
(379.3, 384.7), (397.2, 382.9), 2.1, -2.4, 1
(441.9, 384.7), (428.1, 403.7), 0.2, 4.8, 0
(448.6, 380.1), (430.9, 375.8), 3.2, 4.8, 0
(463.3, 393.7), (455.8, 399.4), 3.3, -3.4, 1
(429.3, 338.9), (413.7, 322.1), 1.0, 3.5, 0
(347.9, 332.6), (332.2, 321.0), -4.9, 4.1, 0
(410.3, 427.7), (391.6, 418.4), 4.8, 0.6, 1
(309.1, 362.9), (326.9, 343.3), -1.4, -2.2, 1
(400.0, 362.9), (395.7, 357.1), -3.7, 1.7, 1
(381.5, 448.3), (365.5, 460.6), -3.5, 0.9, 1
(395.4, 473.8), (376.9, 460.2), 1.8, -4.2, 0
(490.6, 346.3), (479.2, 353.6), -3.6, 2.2, 1
(389.5, 326.2), (381.1, 331.2), 4.4, -4.6, 1
(347.8, 499.4), (352.1, 517.7), 0.7, 4.9, 0
(460.9, 328.5), (475.8, 330.4), 4.7, 2.8, 0
(399.8, 391.0), (386.6, 382.8), -4.3, 0.8, 1
(317.8, 335.8), (328.7, 326.2), -0.3, -2.4, 1
(430.1, 328.1), (415.0, 330.8), -4.6, 3.6, 1
(381.8, 423.9), (389.0, 421.6), 0.1, 1.2, 1
(374.7, 436.4), (375.0, 427.0), 3.8, 1.8, 0
(448.2, 349.0), (461.1, 329.3), 3.5, -2.1, 0
(414.0, 470.8), (402.9, 485.7), 1.7, -1.5, 1
(428.5, 480.0), (427.1, 463.5), 2.3, 4.2, 1
(453.6, 339.9), (446.8, 332.6), 5.0, -0.1, 1
(322.9, 390.9), (324.7, 408.9), -3.5, -2.9, 0
(497.6, 454.8), (480.1, 467.2), 2.9, 4.8, 0
(310.8, 473.6), (328.9, 481.0), -2.3, 1.4, 0
(328.3, 354.8), (311.6, 369.7), -0.5, -0.8, 0
(433.9, 351.9), (447.2, 335.6), 4.0, -1.6, 1
(332.9, 369.9), (329.7, 368.9), 1.9, -3.4, 1
(370.9, 438.6), (366.5, 419.0), 2.8, 1.0, 0
(444.5, 415.7), (430.3, 422.3), 3.2, 2.3, 1
(302.8, 479.3), (320.2, 479.3), -1.8, 2.9, 1
(352.6, 444.5), (372.1, 462.2), 3.6, 1.3, 0
(307.3, 449.1), (294.8, 457.0), 2.7, 1.0, 0
(369.6, 490.5), (388.5, 493.5), -4.9, 3.1, 0
(360.4, 361.4), (373.2, 346.4), -0.0, 5.0, 1
(382.1, 370.4), (383.8, 371.4), 2.7, -3.9, 0
(391.8, 374.6), (393.9, 361.1), -0.6, -2.1, 1
(426.8, 440.4), (444.3, 456.7), -4.0, -4.1, 0
(317.9, 303.3), (335.2, 287.4), 2.5, 1.2, 0
(426.7, 400.7), (438.9, 407.4), 3.5, -2.9, 1
(410.3, 322.9), (424.6, 340.9), -1.5, 2.9, 1
(382.6, 464.1), (390.7, 473.7), -4.9, -1.3, 0
(401.5, 353.5), (407.9, 345.8), 4.0, 4.1, 0
(300.8, 481.8), (282.1, 462.9), 2.9, 3.4, 1
(367.0, 491.8), (386.7, 481.5), 4.7, -3.1, 1
(465.7, 460.3), (468.8, 445.4), 1.4, 4.8, 0
(380.6, 363.6), (367.0, 352.9), 2.1, -3.7, 0
(426.3, 456.9), (440.0, 461.9), -2.4, 0.5, 1
(340.8, 318.7), (338.2, 323.8), 0.9, -4.7, 0
(414.4, 305.1), (423.7, 324.4), 1.3, 2.8, 0
(347.9, 479.6), (339.8, 481.0), -2.5, 2.8, 1
(454.1, 431.9), (445.1, 449.3), 1.3, 1.4, 0
(322.2, 485.4), (307.1, 471.1), -2.4, -3.2, 0
(398.8, 372.3), (412.4, 367.9), -0.1, -4.8, 0
(397.3, 425.1), (385.7, 421.9), 3.9, 1.3, 1
(461.7, 336.0), (442.1, 323.1), 0.7, 1.1, 0
(323.4, 368.6), (317.3, 388.4), 1.0, -4.9, 1
(485.3, 338.6), (466.5, 319.5), 0.1, -3.5, 1
(323.0, 343.4), (316.1, 332.2), 2.3, 4.4, 1
(354.7, 339.8), (338.4, 348.2), 1.5, -0.3, 1
(387.2, 489.3), (404.1, 479.3), -3.0, 3.5, 1
(492.4, 320.6), (504.1, 324.1), -3.3, -2.9, 1
(386.7, 389.2), (390.5, 380.1), -1.8, -3.9, 1
(385.9, 413.4), (380.8, 418.7), -4.4, -3.3, 0
(491.6, 350.6), (488.0, 354.8), 3.8, 4.5, 1
(379.7, 322.9), (392.0, 320.1), -3.1, -2.5, 0
(431.4, 374.4), (442.6, 359.3), -1.8, -4.9, 1
(342.8, 413.5), (335.6, 402.8), -4.3, -2.2, 0
(405.5, 320.6), (396.6, 324.9), 3.8, 3.6, 0
(414.8, 429.3), (422.1, 426.7), 3.1, -3.0, 0
(460.5, 399.7), (480.2, 396.6), -3.8, -3.3, 1
(418.2, 347.3), (399.1, 328.0), 2.8, 0.8, 0
(482.3, 356.9), (496.0, 353.0), 4.0, 4.2, 0
(367.5, 303.3), (366.3, 316.4), -0.8, -2.0, 1
(450.7, 380.1), (453.0, 372.6), 1.1, -1.1, 1
(398.7, 428.2), (415.1, 441.9), 4.4, -4.0, 0
(309.6, 302.1), (293.8, 295.0), 1.9, -0.6, 0
(317.6, 444.8), (330.1, 457.5), 0.4, -5.0, 0
(351.9, 457.0), (336.4, 474.9), -4.2, -1.7, 1
(354.0, 334.1), (339.5, 332.5), -3.7, 3.6, 1
(427.4, 433.6), (428.3, 423.3), -0.2, -0.1, 1
(364.4, 446.2), (353.4, 436.7), -2.0, -4.2, 0
(431.9, 447.1), (420.1, 430.2), 4.7, -4.4, 0
(434.1, 393.6), (429.5, 393.1), -1.6, 3.1, 1
(452.1, 362.4), (450.3, 348.5), 0.0, 4.1, 0
(483.3, 377.1), (481.4, 381.9), -3.0, -1.0, 0
(355.6, 332.8), (347.9, 347.6), 1.5, -3.5, 0
(449.0, 348.1), (464.8, 335.6), -4.7, 1.6, 1
(370.4, 323.7), (372.4, 317.8), -2.9, -1.0, 1
(401.6, 310.6), (392.5, 294.5), 1.5, 2.3, 1
(338.8, 337.9), (325.9, 328.9), 1.1, 0.2, 0
(436.2, 429.3), (454.6, 418.1), -4.5, -4.6, 1
(347.8, 406.4), (338.8, 421.7), 2.0, -1.0, 1
(320.3, 446.8), (335.4, 437.5), -2.9, 2.9, 1
(427.4, 441.2), (418.9, 421.3), -3.1, 4.1, 1
(447.8, 470.5), (455.3, 457.3), 1.8, -3.3, 1
(480.0, 328.4), (460.5, 327.4), -1.7, -3.2, 1
(476.3, 334.1), (486.7, 314.5), -1.5, -0.3, 0
(397.7, 349.5), (382.0, 362.3), 0.7, 4.9, 0
(405.1, 333.5), (390.9, 317.2), -2.0, 2.4, 1
(398.1, 370.2), (400.0, 376.7), -2.5, -0.4, 1
(360.2, 366.7), (360.9, 373.3), 3.7, 3.4, 1
(322.6, 437.2), (331.7, 418.0), 4.8, 3.6, 0
(371.4, 306.2), (374.5, 314.0), -0.7, -2.9, 0
(338.8, 491.0), (344.3, 509.6), 3.8, 1.8, 1
(497.5, 475.2), (484.5, 491.6), -1.5, -1.7, 1
(489.1, 355.2), (476.7, 358.4), 2.0, 3.3, 0
(386.7, 391.0), (405.4, 402.7), -2.1, 4.7, 1
(485.4, 329.4), (492.7, 330.4), -2.1, 0.6, 0
(360.7, 357.7), (372.7, 338.3), -4.6, -2.2, 0
(310.6, 361.2), (307.9, 367.6), -5.0, -2.5, 1
(475.7, 457.1), (475.8, 475.4), 0.6, 4.5, 1
(328.5, 446.6), (325.8, 463.3), -2.1, -4.7, 1
(349.7, 435.7), (345.2, 431.7), 4.0, 3.9, 1
(419.4, 334.7), (416.8, 349.7), 3.0, -3.6, 0
(350.0, 383.3), (338.0, 375.5), -2.0, 4.3, 1
(409.2, 375.2), (424.2, 372.7), -3.6, -0.6, 1
(400.8, 437.0), (395.1, 431.2), -0.3, 4.6, 1
(305.5, 411.8), (323.8, 408.6), 2.6, 1.2, 1
(457.3, 416.1), (452.3, 420.9), 4.0, 3.8, 0
(451.1, 378.5), (447.2, 358.8), 3.1, 3.7, 1
(467.8, 316.9), (458.6, 336.4), -3.9, 0.9, 1
(413.1, 438.1), (427.7, 423.0), 0.8, 0.1, 0
(440.3, 403.3), (442.8, 421.9), -3.6, 4.0, 0
(360.2, 362.2), (379.7, 342.4), -0.2, 1.9, 0
(313.4, 330.6), (328.6, 331.4), -2.5, -4.0, 0
(466.5, 388.8), (448.8, 373.6), -1.0, 4.8, 0
(468.3, 409.3), (481.2, 416.6), 3.6, 1.2, 1
(329.2, 304.3), (314.9, 314.1), -2.6, 0.1, 0
(395.2, 358.0), (401.9, 376.4), -0.1, 1.7, 1
(377.2, 460.0), (375.7, 472.5), -3.5, -2.2, 0
(412.8, 302.2), (405.0, 308.0), 3.9, 1.2, 0
(481.6, 370.9), (467.2, 386.2), -0.4, -4.9, 0
(371.5, 471.2), (371.7, 465.1), 2.1, -1.1, 0
(334.9, 330.3), (341.1, 332.8), -0.4, 3.6, 0
(355.7, 452.5), (347.8, 448.3), 4.2, 1.5, 1
(492.5, 421.2), (479.7, 429.5), 0.1, 1.6, 1
(325.9, 364.8), (344.1, 358.7), 1.2, -1.0, 0
(305.9, 446.6), (295.2, 453.2), -0.0, 1.8, 1
(452.0, 496.3), (464.3, 505.6), -2.6, 4.0, 0
(445.6, 376.8), (464.6, 393.7), -4.4, -2.5, 0
(469.4, 314.6), (479.9, 318.8), 3.4, 4.2, 1
(321.5, 389.9), (306.9, 395.4), 0.6, -3.0, 1
(387.5, 357.2), (375.6, 343.7), 3.1, 3.1, 0
(317.2, 304.8), (335.6, 288.7), -4.7, -3.6, 0
(371.9, 381.6), (373.8, 364.5), -3.1, 2.3, 1
(338.0, 341.5), (351.1, 341.5), -1.4, 4.0, 0
(460.3, 387.8), (465.3, 402.7), 0.7, -3.7, 1
(320.2, 399.7), (302.2, 401.4), -4.8, 3.2, 1
(484.5, 350.3), (492.6, 333.0), 3.7, 4.7, 0
(406.9, 348.3), (407.6, 352.7), -1.9, 1.2, 0
(416.6, 487.4), (436.0, 493.5), -4.7, -0.8, 0
(366.9, 452.9), (352.5, 454.8), 2.3, 4.2, 0
(347.1, 314.6), (365.0, 330.8), 2.0, 2.7, 0
(369.2, 314.2), (365.8, 323.7), 4.3, 3.9, 1
(489.3, 354.1), (471.0, 335.5), 0.1, 1.5, 1
(395.5, 456.3), (410.6, 445.4), 4.3, -4.7, 0
(406.8, 472.1), (414.1, 481.6), 0.5, -4.5, 1
(439.1, 385.9), (436.2, 371.5), -0.6, 4.0, 1
(370.4, 368.6), (387.1, 358.2), -4.1, -4.9, 1
(449.5, 477.7), (461.2, 480.4), 4.9, -4.9, 0
(462.5, 315.3), (447.6, 302.5), -4.6, -1.5, 0
(499.6, 325.9), (495.5, 332.2), 1.6, -4.2, 0
(399.0, 447.0), (393.3, 463.6), -2.8, 2.1, 1
(456.0, 358.5), (462.2, 359.6), -2.3, 2.0, 0
(310.8, 480.1), (319.0, 485.0), -2.2, -3.0, 0
(468.3, 404.2), (460.5, 406.3), -3.8, 2.2, 0
(307.2, 347.0), (304.8, 357.6), 4.5, -4.8, 0
(354.1, 417.6), (346.1, 436.3), -4.4, 3.5, 1
(399.1, 472.6), (394.5, 454.3), -2.9, -3.2, 1
(406.5, 432.1), (387.8, 442.6), 4.4, 4.1, 1
(484.5, 481.5), (496.9, 485.1), 2.6, -1.6, 1
(473.1, 456.5), (490.3, 466.6), 3.1, 0.5, 1
(471.7, 487.6), (470.2, 490.5), 0.7, 0.2, 0
(492.1, 393.5), (511.8, 383.0), 4.1, -2.2, 1
(317.1, 350.0), (318.8, 343.5), -1.1, 1.2, 1
(353.7, 350.1), (359.9, 361.0), -4.9, -1.9, 1
(467.2, 469.5), (465.0, 450.2), -4.9, -4.6, 1
(396.0, 468.9), (384.8, 451.2), 4.4, -2.2, 1
(490.7, 388.1), (481.0, 399.6), -2.4, -0.1, 0
(426.1, 329.4), (430.8, 311.4), -3.9, -4.6, 1
(416.0, 308.4), (424.7, 290.8), 2.1, -2.4, 1
(303.2, 469.0), (317.2, 470.6), -4.6, -2.7, 0
(315.5, 388.8), (315.9, 378.2), -1.7, -1.3, 1
(314.3, 385.3), (305.6, 366.3), 1.1, -1.4, 1
(479.5, 374.9), (497.2, 366.7), -4.7, -1.3, 1
(486.1, 482.4), (467.1, 486.7), 3.1, 0.1, 1
(488.0, 375.8), (491.3, 382.1), -3.5, 2.6, 0
(491.0, 491.7), (510.7, 494.3), 5.0, 1.3, 1
(407.8, 324.2), (422.9, 336.2), 1.1, 1.6, 1
(363.4, 339.0), (366.4, 355.4), -1.7, 3.0, 1
(346.2, 363.0), (365.1, 370.7), -0.5, 4.6, 1
(372.4, 370.4), (372.6, 387.0), 1.5, 1.1, 1
(457.3, 346.0), (470.4, 365.4), 4.3, -2.6, 1
(434.8, 433.2), (439.0, 445.0), -1.6, -3.8, 1
(384.2, 496.6), (387.2, 502.0), 2.7, 4.0, 1
(303.1, 324.2), (293.6, 326.3), 4.3, 2.4, 0
(473.9, 466.8), (454.8, 453.4), -4.3, 0.1, 1
(480.9, 370.9), (476.9, 373.2), 2.1, -3.8, 1
(418.3, 423.3), (438.1, 405.1), 2.4, -1.5, 1
(482.1, 426.2), (491.8, 423.6), 2.6, 2.0, 0
(444.7, 417.9), (457.5, 418.3), -3.5, -4.9, 1
(434.8, 390.7), (427.6, 377.8), 2.2, -2.2, 0
(346.5, 398.7), (328.4, 399.4), 0.3, 0.1, 1
(357.1, 376.8), (367.3, 395.0), -4.6, 4.5, 0
(386.1, 355.7), (401.3, 348.2), -1.5, -3.3, 1
(354.8, 387.8), (370.2, 379.3), 4.2, 4.9, 0
(484.9, 433.3), (470.5, 421.6), 3.4, 2.5, 0
(419.7, 307.9), (435.3, 309.5), -3.0, -0.1, 0
(373.9, 356.4), (391.8, 353.4), -0.6, -3.7, 1
(359.0, 321.9), (367.2, 335.7), -0.6, -0.7, 1
(317.4, 327.4), (308.5, 334.1), 4.7, 3.0, 0
(445.5, 365.4), (445.8, 356.5), 1.3, 0.1, 0
(441.4, 363.0), (458.4, 360.3), 4.3, 2.9, 1
(338.1, 411.6), (351.6, 416.7), 4.5, 1.3, 0
(327.4, 375.2), (345.1, 382.2), -2.3, -3.5, 0
(446.7, 356.5), (434.7, 371.6), 4.5, 3.6, 0
(300.6, 313.5), (302.9, 301.8), -3.2, -0.8, 1
(422.7, 426.2), (412.1, 420.2), 0.3, 4.5, 1
(468.1, 475.0), (474.9, 474.6), 1.3, 1.0, 1
(359.1, 343.8), (377.6, 359.7), 2.6, -0.8, 1
(365.1, 432.5), (349.7, 431.1), -1.8, -3.9, 1
(441.0, 454.7), (440.3, 466.9), -0.1, -0.9, 0
(305.8, 353.6), (294.4, 367.6), -0.9, 0.6, 1
(352.3, 363.5), (348.0, 361.2), -1.0, 4.1, 1
(397.1, 343.8), (402.6, 325.6), -0.5, -2.8, 0
(407.2, 455.9), (391.6, 474.6), 1.1, -3.7, 0
(490.1, 304.2), (485.2, 315.4), -1.7, -1.5, 0
(431.0, 403.7), (425.5, 391.7), -3.4, 0.4, 0
(358.0, 332.3), (353.0, 328.8), 0.5, -2.5, 0
(307.2, 304.0), (324.8, 288.1), -1.0, -0.2, 0
(356.6, 304.8), (361.9, 312.4), -4.7, 2.5, 1
(431.1, 326.2), (440.7, 317.0), -4.2, -4.3, 1
(304.0, 448.5), (305.7, 465.3), -4.0, 0.9, 1
(338.9, 421.1), (331.3, 414.1), 0.1, -4.8, 1
(391.8, 319.9), (410.6, 323.0), -1.2, -0.7, 0
(493.4, 412.2), (492.7, 428.5), 0.3, -2.6, 0
(498.6, 445.5), (516.7, 456.0), 2.1, -0.5, 0
(379.5, 346.4), (374.3, 348.9), 1.4, -1.7, 0
(319.1, 333.9), (333.7, 333.4), -2.5, -3.6, 1
(404.7, 467.9), (415.1, 450.3), -0.1, -0.9, 1
(466.9, 307.3), (474.4, 311.3), 3.7, -2.3, 0
(451.0, 458.9), (452.8, 451.5), 1.5, -1.8, 1
(402.9, 471.7), (422.6, 455.0), -3.9, 2.0, 1
(325.5, 302.7), (326.3, 287.6), -3.0, 3.7, 0
(307.8, 384.8), (294.6, 397.0), -0.1, 2.5, 1
(379.9, 359.4), (377.3, 351.1), 4.2, 1.8, 1
(423.0, 374.3), (429.0, 360.0), 0.2, -3.0, 1
(403.9, 350.2), (402.4, 367.7), 4.3, 2.2, 0
(332.8, 443.0), (331.8, 435.7), -3.2, -0.3, 0
(362.4, 337.5), (370.1, 339.0), -1.7, -4.4, 1
(418.9, 313.4), (424.3, 328.7), -1.6, -4.9, 0
(354.9, 464.2), (369.6, 467.5), -1.9, 1.2, 1
(486.9, 412.2), (492.5, 400.3), 0.9, -4.0, 0
(356.0, 352.6), (340.1, 364.5), 0.9, 2.7, 1
(415.1, 470.7), (419.3, 489.3), 2.4, 1.2, 1
(341.9, 300.5), (331.1, 289.2), 4.3, 1.1, 0
(333.0, 474.9), (325.9, 490.8), -4.5, 0.1, 1
(385.1, 394.3), (377.2, 404.7), -2.6, -1.1, 1
(441.2, 371.0), (454.8, 363.7), -4.2, 1.1, 0
(491.1, 489.1), (504.4, 497.6), 3.4, 0.6, 1
(439.0, 350.1), (423.8, 366.1), 1.5, -3.2, 1
(471.1, 454.1), (464.9, 451.1), 1.2, 3.8, 0
(376.5, 335.8), (386.4, 316.2), -0.6, 0.3, 0
(417.2, 365.7), (433.7, 382.3), 0.0, -4.9, 1
(306.7, 355.0), (305.9, 336.7), 2.0, -2.5, 0
(494.2, 464.7), (508.8, 481.8), 5.0, 1.3, 1
(334.8, 450.0), (340.7, 451.8), -4.0, -1.3, 0
(441.1, 335.4), (455.2, 318.7), 3.3, -3.8, 1
(427.5, 312.5), (411.4, 314.2), 4.8, -3.1, 0
(366.5, 434.4), (382.5, 450.3), -3.3, 4.9, 1
(403.3, 488.1), (399.4, 501.6), 1.7, -4.4, 0
(445.8, 316.8), (443.5, 307.8), -3.0, 0.1, 0
(427.1, 468.4), (444.7, 460.9), 0.6, -3.8, 1
(413.6, 439.3), (416.3, 437.8), -3.8, -4.1, 0
(337.1, 418.2), (355.8, 428.9), 2.9, -2.8, 1
(392.1, 475.4), (409.8, 467.8), 1.8, 4.4, 0
(449.5, 447.6), (441.9, 442.8), -2.1, -2.2, 1
(382.8, 467.1), (373.7, 455.0), 4.8, -2.4, 1
(352.9, 398.0), (356.1, 391.9), 1.4, -0.5, 0
(307.3, 466.9), (302.8, 468.5), -2.9, 2.0, 1
(429.2, 436.4), (420.7, 430.1), 4.7, 0.5, 1
(318.2, 454.7), (308.5, 453.4), -4.7, -3.8, 0
(395.0, 393.4), (388.0, 396.0), 1.6, 4.0, 1
(440.3, 425.9), (455.0, 406.2), -0.8, -1.7, 0
(337.4, 371.6), (323.9, 373.5), 2.5, -0.6, 1
(418.7, 438.9), (428.0, 437.8), -2.6, 2.2, 1
(396.5, 380.2), (378.1, 397.4), -2.7, 4.3, 0
(384.2, 454.8), (402.4, 450.8), -4.7, 0.1, 1
(477.3, 493.0), (495.0, 481.0), 4.7, 2.5, 0
(432.7, 457.7), (414.8, 441.3), 2.9, -3.6, 1
(391.7, 333.1), (371.8, 319.0), 3.8, -2.0, 0
(336.9, 471.6), (334.4, 480.5), -3.5, 0.6, 1
(301.0, 331.9), (285.0, 333.9), -1.1, -2.9, 1
(433.7, 466.3), (441.9, 476.8), -4.0, -3.7, 0
(380.0, 365.4), (371.3, 372.4), 3.7, 1.0, 0
(369.4, 434.0), (388.2, 415.1), 3.9, -3.2, 0
(373.8, 368.0), (386.8, 372.4), 2.5, 4.1, 0
(327.6, 337.6), (316.1, 335.0), -1.6, 1.5, 1
(330.1, 362.2), (337.2, 361.4), -2.4, 4.6, 0
(332.7, 436.5), (346.1, 435.1), -4.2, 1.9, 0
(431.2, 380.9), (443.5, 367.3), -3.7, 0.1, 1
(302.3, 430.8), (309.1, 427.7), -4.5, -0.8, 0
(420.7, 460.5), (418.7, 455.4), -0.3, -1.6, 1
(322.3, 335.8), (319.3, 346.2), 3.7, -4.2, 0
(367.4, 486.8), (371.0, 474.7), 3.1, 2.3, 1
(387.0, 393.0), (368.6, 407.7), -0.4, -4.5, 1
(350.5, 367.5), (342.3, 380.3), 0.4, -3.2, 1
(383.4, 389.4), (375.3, 370.8), -3.9, 2.3, 1
(349.7, 316.8), (333.5, 325.9), 1.3, -0.7, 1
(369.1, 391.6), (373.8, 408.4), 4.0, 4.3, 1
(308.1, 365.3), (289.7, 369.7), 2.2, 3.1, 0
(376.4, 496.1), (359.5, 513.2), 2.5, -0.8, 0
(336.8, 449.4), (345.6, 459.1), -4.2, 4.1, 0
(458.7, 414.2), (478.5, 418.8), 0.4, 2.9, 0
(374.8, 394.6), (385.3, 392.1), 2.5, 2.8, 1
(400.3, 309.1), (396.3, 296.4), -2.2, -4.9, 0
(303.7, 382.9), (288.9, 373.5), 1.0, 4.8, 1
(319.4, 345.0), (327.8, 333.8), 1.1, 2.3, 1
(417.6, 427.0), (410.7, 422.5), 4.3, -4.9, 1
(363.9, 464.5), (350.0, 478.7), -0.0, 0.3, 0
(434.6, 351.1), (415.9, 365.2), 4.7, 1.3, 1
(316.6, 449.6), (317.8, 441.8), 2.5, -0.5, 1
(305.9, 425.0), (292.6, 419.0), -0.7, 5.0, 0
(450.3, 356.8), (460.0, 376.4), -1.2, 0.4, 1
(421.4, 469.9), (405.3, 458.7), 4.9, 0.7, 0
(473.0, 453.4), (492.4, 472.5), 0.5, -1.5, 0
(383.6, 419.8), (376.4, 414.4), -3.9, 3.8, 1
(400.5, 406.5), (389.5, 402.7), 2.6, -2.1, 1
(331.4, 474.7), (327.4, 454.8), 3.3, 2.6, 0
(436.7, 319.7), (439.9, 316.4), -0.8, -3.1, 0
(423.8, 327.7), (428.6, 347.7), 1.0, 2.3, 0
(365.0, 350.0), (367.8, 348.9), -4.1, -1.3, 1
(410.4, 472.7), (424.4, 459.1), -1.3, 3.7, 0
(394.4, 442.6), (382.4, 427.9), -4.4, -4.7, 1
(391.8, 436.7), (389.6, 426.4), -3.2, -0.4, 0
(460.7, 467.6), (475.6, 483.9), -2.6, 2.2, 0
(301.4, 306.5), (308.5, 321.1), 5.0, 3.6, 0
(456.6, 491.5), (471.9, 493.0), 2.2, 1.1, 0
(387.7, 465.6), (370.1, 478.0), 3.3, 2.3, 0
(372.7, 443.3), (373.1, 449.3), -0.7, -3.8, 0
(469.4, 451.6), (472.6, 463.3), 2.2, -1.3, 1
(328.4, 348.6), (327.7, 339.2), -1.7, 1.9, 1
(479.8, 398.3), (469.6, 388.7), -2.0, -0.6, 1
(439.9, 413.6), (443.7, 424.1), -3.5, -2.1, 0
(476.0, 412.7), (484.6, 405.0), 2.2, 0.7, 1
(395.1, 388.0), (386.9, 397.7), 2.0, -3.5, 1
(471.8, 351.5), (460.9, 365.5), 0.8, -3.5, 0
(351.9, 444.2), (361.7, 464.1), -0.9, 1.2, 0
(494.5, 428.8), (498.0, 428.8), 0.2, -1.2, 1
(429.7, 474.2), (429.0, 473.5), -1.2, 1.7, 0
(368.5, 361.9), (357.4, 353.0), 2.8, 2.9, 0
(371.3, 391.9), (387.8, 408.1), 3.4, 3.5, 0
(448.3, 372.7), (429.6, 377.8), 4.5, 0.1, 1
(410.7, 407.0), (420.3, 421.9), 4.7, -4.4, 0
(348.9, 459.5), (336.2, 476.9), 3.6, -2.7, 1
(335.5, 495.9), (326.1, 487.0), 2.4, 2.3, 0
(481.2, 326.5), (473.3, 314.8), -2.6, 2.6, 1
(392.9, 407.4), (404.1, 400.1), 1.3, -3.0, 0
(388.4, 395.2), (372.4, 398.8), 1.0, -2.0, 0
(416.3, 472.2), (400.8, 487.7), 2.8, -3.1, 1
(498.4, 350.3), (494.7, 341.2), 1.3, -1.7, 1
(402.8, 490.3), (394.8, 505.0), -2.5, -2.2, 1
(425.2, 322.3), (435.4, 309.6), -4.9, 3.9, 1
(399.2, 335.8), (409.6, 342.7), -4.1, 3.6, 1
(427.6, 407.7), (414.9, 418.9), 2.6, -2.9, 1
(364.0, 406.1), (348.1, 398.1), 1.1, 0.7, 0
(364.8, 338.4), (360.6, 325.3), -3.4, 1.6, 1
(491.3, 496.2), (497.5, 507.8), 2.8, -2.3, 1
(394.4, 471.2), (386.5, 457.0), -1.7, -1.5, 1
(389.9, 385.1), (385.7, 381.7), 2.6, -1.0, 1
(370.7, 461.1), (389.7, 471.8), -4.8, 2.0, 0
(432.4, 351.2), (445.7, 332.1), -0.7, -1.2, 0
(459.5, 423.5), (457.1, 414.5), -4.3, -3.4, 1
(488.3, 418.6), (506.4, 436.5), 2.8, -1.1, 1
(350.0, 497.4), (353.4, 479.8), -4.4, -1.6, 1
(387.6, 356.8), (386.5, 372.1), -4.3, 4.8, 1
(464.9, 474.8), (468.5, 477.8), 0.6, -0.6, 1
(414.5, 452.6), (405.0, 453.8), -2.1, -4.8, 0
(474.1, 439.9), (483.7, 458.1), -1.4, 2.7, 0
(336.8, 393.7), (335.3, 387.0), 1.8, 2.0, 1
(420.7, 486.5), (406.3, 492.2), -0.7, 3.1, 0
(466.3, 312.1), (485.9, 307.0), 0.7, 5.0, 1
(458.0, 398.4), (461.0, 403.8), 2.3, 0.7, 0
(406.4, 459.7), (420.2, 443.2), 4.2, 1.1, 0
(450.4, 453.4), (447.6, 444.5), -0.5, 3.8, 0
(430.1, 314.6), (436.0, 308.2), 0.3, 1.9, 1
(477.9, 380.3), (469.6, 385.2), -1.1, -4.9, 1
(385.4, 351.8), (374.3, 358.8), -1.7, -0.4, 0
(454.0, 414.9), (448.2, 430.1), 3.7, -3.5, 0
(341.2, 336.3), (322.3, 340.4), 3.4, 2.8, 1
(490.9, 365.5), (483.5, 354.7), -2.9, -2.0, 1
(498.2, 346.6), (515.0, 357.5), -4.7, 3.8, 1
(324.6, 489.6), (305.6, 504.3), 3.5, -2.9, 0
(389.4, 379.8), (377.6, 375.1), 3.1, -4.1, 0
(401.3, 415.7), (402.0, 402.2), -2.9, 4.4, 1
(449.9, 363.4), (437.6, 382.8), 3.0, -1.4, 1
(401.7, 489.0), (382.4, 484.2), -0.8, 4.6, 0
(370.9, 489.1), (384.4, 486.5), 3.5, -2.0, 0
(430.1, 462.0), (445.1, 442.7), 4.6, 2.3, 1
(309.1, 469.5), (296.2, 449.9), 0.2, -3.6, 1
(452.5, 312.2), (464.6, 326.9), 1.6, -1.3, 1
(464.7, 383.8), (451.6, 384.6), -3.5, 3.1, 0
(373.0, 485.0), (384.5, 466.2), -3.0, -1.0, 1
(481.8, 353.0), (474.6, 364.4), -1.7, 3.9, 0
(447.0, 328.9), (443.3, 330.4), 2.6, 2.2, 0
(331.6, 303.0), (347.5, 286.7), 4.9, -3.9, 1
(392.9, 383.0), (408.8, 380.6), 3.6, 3.1, 0
(362.3, 393.9), (378.4, 379.0), 1.6, -1.3, 0
(395.6, 449.7), (409.6, 437.6), -2.8, -3.7, 0
(345.1, 316.4), (328.9, 312.6), 3.9, -3.9, 0
(350.1, 446.0), (342.2, 454.4), -0.4, 0.9, 1
(452.0, 326.3), (448.9, 332.8), 0.8, 4.3, 0
(449.6, 460.0), (454.9, 471.7), 4.8, -4.9, 0
(467.1, 347.6), (462.9, 328.0), -0.2, 3.6, 0
(425.7, 463.4), (428.8, 461.5), -2.9, 1.2, 1
(323.6, 355.9), (334.3, 372.8), -1.6, 3.9, 1
(368.2, 474.4), (379.1, 472.6), -4.0, 3.6, 1
(312.6, 373.1), (318.3, 391.7), -3.7, -2.7, 1
(466.0, 324.1), (474.5, 309.1), -1.5, -0.5, 0
(493.3, 494.3), (480.6, 507.1), 3.9, 0.1, 0
(468.0, 344.4), (448.7, 353.7), -1.5, 1.0, 0
(412.6, 406.1), (394.5, 407.4), 0.4, 1.9, 0
(374.9, 320.0), (361.5, 325.4), 1.2, 3.4, 0
(408.2, 491.0), (405.1, 479.1), -4.5, 4.7, 1
(359.3, 480.2), (378.2, 495.9), -0.3, -3.6, 1
(300.1, 350.3), (302.3, 342.7), 4.2, 1.1, 0
(311.8, 382.1), (297.6, 395.0), 2.6, 3.1, 0
(378.2, 331.9), (375.0, 335.5), -2.5, -1.5, 0
(492.7, 355.2), (508.4, 340.2), 2.4, 4.4, 0
(341.2, 328.5), (332.2, 321.6), 1.4, 0.2, 0
(454.3, 419.7), (443.6, 417.2), 3.2, 0.4, 1
(330.7, 476.0), (340.9, 484.8), 3.8, 4.5, 0
(376.3, 478.2), (360.8, 476.9), 0.8, 3.8, 1
(451.7, 344.9), (435.8, 364.8), 1.0, 1.0, 1
(348.3, 470.0), (348.0, 478.1), -0.7, -4.4, 0
(473.0, 356.0), (482.0, 347.1), -2.5, 0.1, 1
(433.4, 350.2), (427.7, 330.8), 2.1, -0.1, 1
(344.3, 386.8), (334.9, 406.6), 3.3, -0.1, 1
(421.3, 474.1), (428.0, 455.8), -3.9, 3.4, 0
(415.1, 323.5), (425.7, 317.9), 1.7, 4.0, 1
(463.1, 443.7), (444.7, 449.5), -0.6, -0.4, 0
(488.0, 462.6), (493.2, 473.7), 1.7, -4.7, 0
(304.8, 489.2), (288.8, 506.0), 3.0, 2.3, 1
(371.7, 436.6), (365.8, 455.2), -2.2, 2.8, 1
(391.6, 498.2), (382.2, 509.9), -2.9, 2.7, 1
(448.1, 450.7), (459.4, 437.5), -0.0, -4.1, 1
(423.3, 448.0), (436.7, 437.1), 3.3, -4.0, 0
(427.9, 362.6), (427.8, 350.0), -1.2, -2.4, 1
(370.1, 461.2), (385.9, 471.4), 4.6, -1.8, 0
(338.0, 362.1), (338.2, 367.8), -2.0, 0.6, 0
(379.6, 439.1), (367.5, 422.7), 1.0, 3.8, 1
(470.4, 329.2), (464.0, 323.3), -3.7, -1.1, 1
(422.7, 494.1), (415.6, 483.1), 3.3, -2.5, 0
(433.5, 354.8), (433.3, 368.1), 4.8, -2.5, 0
(388.1, 462.3), (373.9, 454.2), 4.6, 3.6, 1
(467.6, 382.9), (469.6, 385.6), -0.9, 3.5, 1
(425.5, 477.7), (444.6, 487.6), 2.1, 4.8, 1
(386.3, 372.9), (403.3, 362.3), 0.4, -4.2, 0
(364.3, 465.5), (372.4, 477.3), 0.8, -4.0, 1
(407.1, 321.0), (420.1, 310.1), -1.5, 2.0, 0
(393.1, 414.9), (375.2, 419.6), -0.0, -0.6, 0
(304.4, 389.7), (310.4, 405.5), -0.2, 2.1, 0
(436.4, 313.1), (445.2, 315.9), 4.5, 2.3, 1
(386.2, 452.9), (371.5, 448.7), 1.6, -1.9, 1
(366.1, 414.0), (381.1, 431.8), -3.6, 0.4, 1
(472.5, 494.2), (454.7, 504.4), 0.9, 2.7, 0
(422.8, 406.0), (432.0, 415.3), -2.5, 1.0, 0
(467.1, 305.9), (484.3, 315.0), -1.7, -4.1, 1
(414.8, 489.8), (410.3, 486.1), 2.0, -3.6, 1
(336.6, 362.2), (323.7, 359.5), -2.5, -4.1, 1
(380.3, 345.3), (399.7, 350.6), -1.6, 2.5, 1
(304.1, 421.2), (323.4, 403.6), -1.3, -3.3, 0
(300.9, 377.0), (282.0, 393.2), 0.6, 3.6, 0
(337.7, 424.2), (325.0, 412.9), -1.5, 3.7, 0
(419.9, 414.8), (435.6, 423.1), 3.8, -3.2, 0
(462.9, 389.0), (467.8, 406.4), 3.9, 2.9, 0
(461.4, 362.3), (453.1, 356.3), -3.2, 0.2, 0
(399.5, 420.7), (419.4, 437.5), 4.4, 4.3, 1
(456.8, 488.8), (463.6, 471.4), -2.5, -3.6, 1
(337.7, 380.9), (332.0, 397.5), 4.2, 3.1, 0
(469.6, 318.2), (475.7, 334.7), 0.6, 2.0, 1
(451.4, 428.6), (442.7, 414.1), 2.6, -2.1, 1
(380.8, 375.4), (380.5, 375.1), -1.8, -0.2, 1
(361.2, 498.5), (372.0, 509.3), 2.0, 0.3, 0
(337.6, 317.8), (353.3, 327.8), 0.7, -3.3, 1
(447.9, 406.9), (429.7, 399.0), -3.1, 4.6, 0
(464.7, 436.8), (462.1, 437.2), 3.5, 0.1, 0
(482.1, 319.7), (500.1, 335.4), 2.1, -4.3, 0
(399.1, 414.2), (403.6, 396.0), -1.2, 4.0, 0
(484.9, 300.9), (474.5, 313.5), 3.3, 4.8, 1
(465.3, 374.4), (478.8, 356.1), -3.6, -2.5, 1
(476.4, 384.6), (479.2, 399.1), 1.3, -3.0, 1
(381.8, 302.0), (394.8, 297.1), 3.4, -3.1, 1
(350.7, 302.1), (358.4, 283.8), 2.7, -3.7, 0
(314.1, 322.9), (300.5, 334.5), -4.3, 0.4, 0
(488.7, 351.3), (495.9, 368.5), -1.0, 0.4, 1
(471.1, 352.3), (481.5, 348.1), 3.9, -3.0, 0
(410.9, 399.6), (396.0, 419.4), -0.3, -3.9, 0
(307.6, 377.6), (291.0, 385.4), -4.3, -0.6, 1
(387.6, 328.6), (391.5, 310.2), 4.3, 2.7, 0
(453.7, 445.0), (435.5, 425.6), -3.5, 3.6, 1
(484.4, 370.0), (472.4, 375.8), -1.1, -3.5, 1
(401.1, 345.0), (406.2, 338.5), 2.2, -4.7, 1
(313.9, 349.2), (315.0, 351.4), -3.6, 4.6, 0
(322.3, 313.0), (323.0, 293.7), 2.2, 2.2, 1
(374.1, 328.7), (358.2, 318.0), -1.2, 0.6, 1
(453.7, 323.9), (442.7, 329.1), 0.6, -4.3, 1
(487.4, 429.0), (478.7, 433.6), -0.5, 2.5, 1
(422.5, 369.0), (442.0, 367.2), 4.2, -3.5, 1
(344.8, 357.4), (354.0, 375.9), -1.1, -2.4, 0
(373.6, 304.2), (385.8, 289.9), -0.4, 2.1, 0
(497.5, 325.0), (502.6, 313.3), -0.9, 3.8, 1
(446.7, 388.8), (442.2, 383.3), -1.7, -1.0, 0
(349.2, 442.5), (351.9, 460.4), 2.3, 2.8, 1
(480.1, 409.6), (490.6, 406.0), 1.4, -2.9, 0
(394.0, 408.6), (392.1, 424.8), 4.6, 3.7, 1
(310.2, 343.4), (312.2, 329.7), -1.2, 0.2, 0
(488.6, 304.8), (476.9, 307.5), -3.3, 4.8, 0
(428.2, 415.0), (440.3, 401.0), -1.8, -2.5, 0
(452.5, 397.3), (456.9, 407.9), 0.3, 1.3, 0
(435.2, 457.4), (418.7, 437.7), 3.6, -4.5, 0
(362.7, 480.4), (350.8, 466.4), -2.9, 3.4, 1
(424.6, 363.1), (440.8, 361.0), -1.6, -3.2, 1
(320.3, 412.4), (336.3, 398.5), -0.8, 0.3, 1
(331.7, 410.5), (330.4, 429.8), 1.9, 4.0, 0
(432.8, 329.3), (430.6, 339.6), -3.6, -1.2, 1
(395.4, 453.4), (398.8, 472.9), -1.4, -0.6, 0
(389.5, 304.0), (389.1, 310.8), -1.6, -1.6, 0
(477.3, 313.8), (462.7, 305.8), -1.1, -3.5, 0
(492.3, 364.1), (500.8, 382.1), -4.2, 1.0, 1
(303.2, 478.2), (299.9, 465.0), 3.5, -3.1, 1
(496.4, 480.9), (477.3, 473.6), -3.3, 1.5, 1
(352.6, 499.2), (346.1, 490.1), 5.0, 1.6, 0
(366.6, 306.3), (381.5, 323.3), -4.9, 0.7, 1
(376.1, 480.9), (371.3, 462.3), 1.7, 2.0, 1
(373.4, 402.5), (393.1, 399.5), 2.1, -3.7, 1
(443.8, 410.5), (443.4, 401.1), 4.1, 4.2, 0
(461.1, 482.7), (475.6, 498.5), -4.8, -3.7, 0
(348.6, 335.4), (331.2, 338.3), -2.6, -4.1, 0
(301.9, 302.7), (314.2, 317.5), 1.2, -3.4, 1
(426.2, 366.2), (432.8, 370.7), -4.4, -3.6, 0
(337.1, 443.7), (320.8, 441.0), 1.9, -2.9, 0
(377.4, 425.1), (365.1, 437.8), 2.1, -0.0, 0
(393.8, 446.3), (397.5, 460.7), -0.6, 0.1, 0
(335.2, 339.5), (320.9, 341.2), 4.7, 2.0, 0
(337.6, 469.7), (347.9, 458.8), -1.1, 3.4, 1
(420.3, 401.3), (411.7, 398.4), 3.2, 2.4, 0
(431.0, 493.6), (421.0, 503.8), -4.4, -4.4, 1
(480.5, 312.1), (490.8, 309.3), 1.7, 4.0, 1
(302.4, 448.9), (285.9, 452.4), 4.2, -1.4, 0
(413.8, 445.4), (406.6, 439.8), 3.1, -1.3, 1
(452.7, 362.7), (472.6, 350.3), 0.9, -4.6, 1
(381.9, 476.0), (374.9, 487.8), 4.5, -1.0, 1
(390.4, 328.4), (400.5, 325.2), -4.8, -3.6, 1
(376.3, 474.1), (362.3, 468.7), -0.7, 3.2, 0
(330.2, 489.2), (318.9, 469.9), -0.3, -2.3, 0
(304.3, 378.4), (296.5, 396.7), 0.5, -2.7, 1
(421.4, 399.8), (418.8, 413.9), -0.1, 1.7, 1
(492.3, 313.4), (485.2, 312.4), -2.1, -2.6, 1
(460.7, 383.3), (441.2, 375.6), -3.4, 1.3, 1
(422.3, 419.8), (423.5, 413.5), -1.3, 1.9, 0
(373.9, 494.1), (356.4, 492.0), -0.8, -2.9, 1
(437.7, 482.0), (453.8, 487.4), 4.0, -0.2, 1
(411.0, 415.4), (404.2, 403.2), -3.7, -1.8, 0
(441.6, 421.9), (454.2, 411.8), 0.6, 3.9, 1
(402.2, 319.1), (412.2, 324.1), -4.2, -0.1, 1
(313.4, 377.9), (301.1, 388.7), 2.1, -1.4, 0
(394.7, 344.7), (374.9, 338.9), 1.2, 0.6, 1
(491.3, 396.9), (483.9, 412.3), -3.0, 3.1, 0
(491.5, 419.5), (476.4, 428.9), 2.4, -3.1, 1
(349.6, 375.2), (357.7, 389.3), -2.0, -3.0, 1
(305.1, 430.3), (315.6, 413.5), -0.4, 4.1, 0
(389.3, 376.4), (375.6, 374.2), -1.9, 4.4, 1
(355.2, 441.3), (353.3, 427.8), -3.7, 4.6, 0
(310.5, 365.3), (309.6, 351.0), 3.3, -1.2, 0
(425.8, 429.3), (421.6, 422.3), 3.4, -4.7, 1
(364.8, 451.3), (346.4, 451.8), 2.2, 2.1, 1
(312.8, 313.6), (298.8, 314.5), 4.4, -2.6, 1
(494.5, 367.6), (491.0, 377.7), -0.1, 0.5, 1
(428.4, 379.2), (414.6, 392.1), 3.1, -0.5, 0
(452.6, 473.7), (441.6, 456.0), 1.8, -4.8, 0
(395.7, 308.4), (406.1, 326.4), 4.5, -3.6, 1
(364.6, 451.2), (371.4, 432.0), 2.7, -0.1, 1
(410.0, 308.0), (413.6, 296.4), 0.8, -4.9, 0
(416.3, 373.6), (432.3, 360.2), -2.9, 0.4, 1
(353.1, 374.9), (348.7, 388.3), 2.5, -2.4, 0
(365.4, 352.1), (350.2, 343.5), -4.7, 1.0, 1
(340.9, 322.5), (336.4, 306.8), 4.3, -2.9, 1
(466.6, 434.8), (482.1, 447.6), -1.4, -4.5, 0
(413.4, 476.9), (403.5, 477.3), -1.9, -2.8, 0
(472.1, 341.3), (489.9, 336.8), -1.7, 4.8, 0
(484.2, 396.0), (488.0, 407.8), 1.7, 4.4, 0
(423.3, 476.9), (437.4, 481.7), 3.6, 4.5, 0
(360.7, 376.3), (363.4, 362.7), -4.5, -2.8, 0
(494.2, 448.4), (489.1, 439.6), 1.5, -2.0, 0
(479.7, 360.4), (470.2, 377.6), 3.9, 3.0, 0
(324.1, 427.3), (342.2, 439.1), 3.8, 4.3, 0
(302.9, 317.2), (292.3, 332.0), 0.8, 0.6, 1
(304.5, 412.6), (287.0, 420.3), -2.8, -1.0, 1
(306.0, 399.5), (319.2, 396.0), 4.7, 0.8, 0
(431.3, 491.9), (446.4, 500.3), 2.2, -3.0, 1
(304.9, 354.4), (319.8, 343.8), -0.5, -5.0, 0
(474.7, 467.1), (472.1, 485.2), -0.1, -2.7, 0
(357.3, 317.7), (352.0, 330.5), 0.4, -1.3, 1
(445.2, 408.2), (438.1, 413.7), -0.9, 0.8, 1
(393.5, 369.5), (385.2, 382.1), 2.5, -0.1, 1
(372.1, 386.3), (376.2, 401.7), -1.7, -1.4, 1
(390.2, 407.8), (397.4, 423.4), -1.6, 4.2, 0
(419.8, 408.0), (433.0, 394.4), 3.0, -3.6, 0
(464.9, 379.3), (477.9, 394.5), 4.9, 0.4, 0
(415.1, 350.9), (417.1, 368.6), 2.4, 1.8, 1
(397.8, 365.1), (411.3, 360.0), 4.4, 0.2, 1
(343.8, 370.2), (340.1, 380.3), -3.9, 1.4, 1
(331.1, 438.8), (341.3, 447.4), 3.9, 4.7, 0
(399.0, 483.2), (406.8, 475.4), 2.6, -2.0, 0
(408.4, 319.3), (421.0, 300.3), -4.7, -3.8, 0
(465.5, 436.1), (448.2, 434.2), -3.8, 4.4, 1
(302.1, 419.5), (295.8, 414.5), -2.0, 1.2, 1
(427.0, 418.7), (434.2, 437.7), -0.0, -1.5, 1
(440.1, 472.2), (435.5, 473.8), -4.0, 1.9, 1
(489.8, 437.0), (509.6, 432.2), 4.6, 2.6, 0
(395.0, 408.7), (378.3, 417.7), 2.2, 4.2, 1
(376.0, 367.5), (380.1, 366.2), -1.8, 0.5, 1
(343.3, 382.1), (323.7, 367.3), 3.6, 2.8, 1
(313.8, 336.2), (304.8, 338.8), 3.0, 0.4, 0
(350.6, 323.5), (351.3, 310.5), -0.5, 3.5, 0
(358.1, 366.3), (342.4, 352.5), 3.4, -3.0, 1
(349.8, 377.5), (359.6, 383.6), -3.2, -1.2, 1
(336.5, 368.0), (343.9, 381.8), -2.7, -0.6, 0
(320.3, 327.8), (329.9, 345.7), 0.6, -0.6, 1
(458.9, 386.0), (467.2, 401.9), -1.3, 0.4, 1
(394.7, 355.8), (397.0, 352.7), -4.3, -2.4, 1
(394.9, 401.4), (384.7, 418.5), -3.6, -4.8, 0
(414.1, 432.9), (411.9, 452.8), -1.3, -2.4, 0
(494.2, 431.3), (497.5, 415.9), -4.6, -3.0, 1
(326.6, 440.3), (307.1, 422.7), 2.9, -3.9, 1
(417.1, 301.8), (432.3, 287.3), 4.2, 3.6, 0
(337.7, 395.0), (336.9, 378.9), -1.1, 1.3, 0
(329.2, 325.4), (329.6, 339.8), -4.3, 0.1, 0
(413.2, 349.4), (423.4, 363.0), -1.4, -2.7, 1
(381.3, 450.5), (363.0, 443.3), -1.1, -3.1, 1
(378.2, 421.3), (392.8, 431.2), -3.7, 1.1, 1
(429.2, 451.1), (415.5, 455.0), -2.1, 2.7, 1
(420.0, 383.5), (422.4, 391.6), 2.8, 2.7, 0
(373.9, 378.7), (372.5, 390.9), 4.2, -2.0, 1
(483.9, 471.1), (482.7, 470.6), 2.6, 3.4, 0
(393.9, 318.2), (393.5, 311.9), 0.2, 1.3, 1
(425.8, 486.8), (440.8, 490.6), -2.7, 4.3, 1
(481.4, 413.2), (475.4, 405.5), 3.3, 0.2, 1
(355.7, 419.6), (362.5, 407.1), 1.1, 2.9, 1
(338.0, 437.2), (346.5, 439.3), -3.0, -0.4, 0
(323.4, 444.5), (315.1, 434.4), 1.0, 1.3, 1
(336.6, 429.5), (336.5, 419.3), -0.2, -2.3, 1
(407.5, 329.3), (411.7, 319.4), 4.7, 3.1, 1
(300.7, 337.8), (318.0, 354.9), -0.5, 4.9, 1
(402.2, 384.1), (392.9, 403.4), 1.3, -0.1, 0
(395.3, 377.4), (380.1, 364.6), -1.4, 3.0, 0
(308.2, 314.1), (292.5, 315.5), -3.7, -4.0, 1
(341.0, 478.3), (343.6, 458.7), -1.6, 1.2, 1
(356.8, 348.1), (345.7, 352.3), 2.5, 4.3, 1
(468.2, 330.3), (470.3, 323.0), -2.8, 3.1, 1
(340.6, 423.3), (358.8, 406.9), 2.4, 4.8, 1
(461.9, 324.9), (451.8, 321.2), -2.6, 1.1, 0
(483.5, 355.9), (463.7, 362.7), -0.6, 3.6, 1
(389.2, 346.4), (403.1, 342.8), -0.6, -3.5, 1
(470.1, 450.1), (451.0, 460.7), -2.9, 1.7, 1
(457.9, 404.8), (450.8, 404.7), 1.2, 3.4, 0
(374.6, 440.7), (378.6, 448.6), -1.2, 2.9, 0
(343.6, 370.7), (334.6, 379.3), 4.0, -1.2, 1
(492.1, 437.3), (494.7, 443.1), -4.4, 2.1, 0
(377.8, 369.0), (373.0, 368.7), 2.2, 4.1, 0
(387.5, 369.6), (378.2, 386.1), -2.4, -3.4, 0
(470.7, 429.0), (474.7, 441.4), 3.5, 4.8, 1
(309.6, 345.7), (317.9, 332.1), 1.2, 0.5, 1
(315.9, 486.4), (314.0, 478.1), 3.6, -2.2, 0
(345.8, 362.3), (346.6, 351.6), -4.1, -4.5, 0
(357.6, 394.0), (354.6, 380.8), -4.8, 4.6, 0
(313.5, 320.3), (326.2, 307.5), -3.8, -0.4, 1
(444.6, 330.5), (461.9, 320.4), -4.9, 3.6, 1
(402.6, 304.1), (402.8, 286.4), -3.7, -4.5, 0
(469.3, 348.4), (473.7, 343.1), 2.8, -0.4, 1
(335.0, 322.0), (325.0, 327.6), 2.5, -4.3, 1
(327.2, 357.4), (328.3, 357.0), 2.5, 0.5, 1
(477.8, 393.3), (483.7, 394.1), 2.9, 0.8, 1
(450.3, 404.7), (446.6, 404.8), -0.0, 3.0, 0
(314.7, 498.9), (328.4, 483.6), 4.0, -1.2, 1
(374.7, 362.9), (362.7, 343.6), -0.6, 1.4, 0
(390.0, 418.1), (400.3, 403.7), 2.9, -1.0, 0
(303.3, 345.4), (300.8, 344.9), -0.3, -0.3, 0
(392.7, 383.2), (374.7, 401.1), 4.0, 4.2, 1
(374.8, 370.1), (391.2, 385.6), 3.7, -4.2, 1
(371.0, 402.5), (370.0, 419.9), 3.7, -0.2, 1
(366.3, 362.1), (366.6, 342.5), -4.0, 2.4, 1
(312.0, 401.9), (317.2, 396.8), -0.5, -1.7, 1
(369.4, 365.3), (364.1, 377.4), 0.9, 3.8, 1
(386.7, 402.8), (393.3, 404.7), 2.5, 0.1, 0
(486.6, 375.6), (493.0, 373.2), 2.2, -2.3, 0
(452.4, 339.3), (457.1, 330.3), -2.8, -4.6, 0
(490.7, 338.9), (493.5, 335.6), 3.3, -3.5, 1
(498.1, 342.1), (517.7, 328.7), -4.6, 2.3, 0
(343.8, 483.0), (330.4, 489.9), -3.9, 1.7, 1
(423.4, 495.9), (437.4, 514.1), -2.4, 0.6, 1
(426.3, 365.3), (412.5, 372.6), 2.2, 0.2, 1
(461.2, 455.7), (451.0, 468.3), -0.7, -2.3, 1
(399.8, 444.9), (396.0, 462.9), -2.0, 3.6, 0
(464.8, 411.0), (478.6, 399.8), 4.6, -0.4, 0
(485.2, 439.5), (485.4, 436.0), -1.0, 0.7, 1
(316.2, 332.5), (315.5, 349.6), -4.3, -1.9, 0
(387.1, 463.0), (373.3, 461.9), -4.7, 4.4, 0
(361.6, 397.3), (381.5, 414.4), -1.0, -2.9, 1
(469.9, 357.3), (474.3, 343.9), -3.4, -1.7, 1
(470.6, 320.1), (453.9, 329.6), -3.5, -0.7, 0
(486.9, 458.7), (494.8, 444.8), -4.5, -0.3, 0
(326.7, 496.7), (321.4, 504.2), 3.3, -1.4, 0
(308.1, 478.6), (301.3, 460.1), 0.8, 4.9, 0
(464.3, 338.4), (451.1, 334.1), 4.9, -3.9, 1
(423.1, 405.2), (436.4, 396.6), -4.4, 1.1, 1
(331.5, 455.2), (332.1, 455.1), -2.8, -2.2, 1
(470.4, 433.0), (478.2, 445.4), -1.4, 0.1, 1
(430.7, 462.9), (427.4, 480.1), 2.9, 3.5, 1
(342.1, 392.3), (350.2, 373.7), -4.4, 3.8, 0
(321.5, 389.8), (307.5, 372.7), 2.7, 1.9, 0
(443.7, 387.1), (428.6, 392.8), 4.4, 0.5, 1
(487.5, 342.0), (486.4, 323.3), -3.4, -3.1, 0
(309.8, 468.2), (321.9, 463.8), 3.1, -0.4, 1
(456.7, 472.5), (454.7, 485.1), 2.5, 2.1, 1
(491.6, 450.3), (506.3, 437.7), 3.7, -3.4, 1
(383.2, 397.4), (402.7, 383.3), 3.8, -2.6, 1
(491.4, 481.5), (500.2, 478.2), 2.7, 1.3, 1
(460.0, 374.6), (440.2, 373.9), 3.2, 0.0, 0
(329.6, 436.1), (343.9, 445.8), -2.3, -1.1, 0
(387.0, 490.0), (399.0, 488.2), 2.2, 0.5, 1
(308.9, 366.5), (305.2, 371.6), 2.9, -0.3, 1
(485.8, 482.8), (490.2, 472.1), -1.8, 0.9, 1
(352.9, 478.3), (367.0, 491.0), 1.7, 0.8, 1
(353.1, 406.1), (334.7, 424.2), -0.5, -1.0, 1
(309.6, 315.2), (321.7, 316.6), 4.0, 4.4, 0
(400.4, 490.5), (412.1, 496.1), -1.9, 1.0, 0
(399.3, 416.0), (400.7, 418.1), 2.8, 3.6, 1
(412.2, 365.7), (414.0, 353.7), 1.9, -4.2, 0
(489.3, 304.1), (474.5, 314.1), -2.4, 1.6, 1
(383.1, 481.2), (371.3, 467.7), -4.0, 4.3, 1
(499.6, 438.3), (505.1, 421.4), -3.4, -3.8, 0
(490.7, 313.2), (501.5, 323.5), -2.3, -3.2, 1
(367.5, 400.1), (380.9, 401.5), 0.1, -0.2, 1
(457.1, 371.3), (440.8, 358.3), 3.1, 0.5, 1
(445.1, 482.2), (449.9, 501.0), 2.7, 4.9, 0
(329.2, 332.1), (341.8, 333.5), -0.2, 4.2, 1
(306.0, 470.7), (317.7, 468.0), 3.1, 2.8, 1
(342.5, 338.0), (348.0, 349.0), 2.5, -4.3, 0
(466.9, 486.8), (478.1, 489.1), -0.4, -1.8, 1
(339.8, 308.4), (337.9, 288.5), -1.4, 4.9, 1
(429.7, 383.1), (443.2, 401.9), 3.6, -4.1, 0
(418.9, 412.3), (403.6, 397.7), -0.1, 5.0, 1
(324.0, 462.2), (335.4, 467.7), -2.5, 0.4, 1
(358.7, 471.7), (340.9, 463.7), 4.6, -3.6, 1
(463.1, 499.9), (454.4, 513.8), 4.8, 4.8, 1
(315.0, 361.7), (307.0, 342.6), 4.8, -1.7, 0
(473.9, 486.3), (478.0, 500.3), -1.4, -4.0, 1
(453.6, 363.7), (438.5, 366.7), 0.8, -4.2, 0
(355.3, 468.3), (357.3, 469.9), 3.6, 3.1, 1
(481.3, 431.6), (465.3, 427.7), 4.3, -1.9, 1
(318.6, 366.7), (328.2, 352.1), -4.1, 4.4, 0
(321.4, 395.4), (320.1, 389.8), 0.4, -2.4, 0
(316.4, 333.7), (322.3, 336.4), 3.7, 1.3, 0
(394.1, 445.7), (379.1, 455.3), 3.2, 1.8, 0
(497.9, 301.1), (498.8, 292.0), 2.9, 2.8, 0
(398.5, 347.6), (395.7, 352.1), -1.1, 3.3, 1
(368.9, 380.9), (372.5, 397.3), -2.1, -2.5, 0
(441.4, 351.0), (445.6, 331.1), -3.9, 0.9, 1
(438.3, 415.3), (450.8, 418.5), 4.7, -2.5, 0
(346.2, 350.0), (328.0, 332.9), -1.1, 4.7, 1
(491.9, 414.9), (498.0, 423.6), 3.3, -4.9, 0
(368.3, 389.4), (354.2, 395.3), -3.8, -1.3, 1
(375.7, 403.8), (366.7, 410.3), 3.6, -3.5, 1
(370.6, 474.0), (385.0, 480.5), -0.1, 4.5, 1
(309.8, 300.6), (308.3, 283.1), 3.9, -4.4, 1
(404.9, 340.8), (389.3, 332.3), -2.2, -3.2, 0
(394.6, 452.5), (377.3, 450.7), -2.0, -2.8, 0
(437.7, 355.1), (436.8, 350.7), -3.4, -2.8, 0
(303.4, 346.9), (302.9, 335.6), 4.5, 0.1, 0
(322.0, 444.2), (322.8, 451.8), -2.3, 1.6, 1
(449.3, 304.1), (452.0, 319.5), -2.6, -2.2, 0
(451.5, 433.7), (453.8, 438.2), 3.0, 0.3, 0
(425.5, 495.5), (405.6, 513.8), -1.7, 1.9, 1
(413.6, 300.3), (401.3, 284.6), -1.9, 2.6, 1
(439.2, 354.4), (427.2, 350.5), 3.4, 1.0, 1
(319.2, 394.4), (307.1, 384.2), -4.5, -1.6, 1
(451.8, 406.5), (451.5, 403.7), 0.6, 1.9, 0
(413.0, 327.4), (409.5, 309.2), -0.3, 0.3, 0
(320.5, 498.0), (322.5, 506.7), -2.8, -2.9, 1
(319.4, 351.3), (336.1, 347.7), 4.9, 1.4, 1
(478.6, 318.7), (495.6, 323.2), -4.1, -2.5, 0
(308.8, 437.8), (310.5, 444.1), 2.0, -4.9, 1
(463.4, 343.3), (459.9, 336.5), -4.1, 0.8, 1
(300.0, 439.3), (317.4, 449.4), 0.6, -3.4, 0
(496.1, 414.3), (502.8, 402.0), 3.2, -2.7, 0
(446.5, 339.2), (434.9, 324.5), -0.4, 1.6, 0
(423.7, 306.3), (432.8, 315.3), -1.3, 2.6, 1
(466.9, 386.4), (474.5, 399.7), -3.4, -1.2, 0
(374.9, 406.6), (382.3, 422.3), -3.9, 2.6, 0
(314.6, 383.0), (312.0, 391.0), -3.3, 2.1, 1
(477.3, 331.5), (497.2, 332.8), 0.7, 4.5, 1
(334.4, 467.3), (332.2, 460.0), 1.1, 4.3, 0
(339.3, 359.1), (350.2, 357.7), -4.1, 0.8, 0
(480.2, 345.9), (488.2, 363.9), -3.9, -0.2, 0
(310.6, 336.0), (325.6, 347.9), -2.6, -4.5, 0
(348.3, 410.5), (341.9, 412.0), -2.4, -1.7, 0
(465.6, 308.8), (465.2, 322.3), -3.6, 2.9, 0
(403.6, 425.0), (386.4, 433.8), 0.5, 2.4, 1
(392.2, 436.3), (411.9, 429.8), -4.7, -4.9, 0
(455.1, 438.2), (469.6, 447.1), -4.2, -3.4, 0
(316.5, 338.1), (334.7, 322.0), 2.8, 0.4, 1
(311.4, 426.2), (330.2, 407.2), -3.5, -1.5, 1
(434.4, 458.9), (434.6, 450.5), -2.1, -3.4, 0
(420.1, 415.3), (419.1, 414.9), 4.1, -4.2, 0
(464.9, 357.8), (469.7, 339.5), -1.2, -4.6, 1
(393.5, 308.8), (375.4, 315.3), 3.9, -1.2, 1
(317.7, 444.8), (308.7, 430.8), -1.2, -3.8, 1
(329.9, 353.9), (319.0, 346.7), 1.6, -1.3, 0
(457.0, 375.1), (438.7, 383.6), 1.3, -4.5, 0
(348.1, 420.4), (352.6, 418.8), -1.4, 5.0, 0
(325.2, 312.1), (337.2, 329.3), 3.7, -2.5, 0
(478.0, 483.0), (487.6, 473.5), 2.3, 4.6, 0
(409.5, 394.7), (424.7, 384.7), -3.1, 2.2, 0
(405.7, 312.8), (396.4, 299.0), -4.3, 2.0, 1
(445.2, 404.3), (451.0, 411.0), -1.9, -2.0, 0
(348.5, 384.0), (357.2, 378.7), 2.3, 0.3, 0
(320.8, 492.2), (310.9, 490.6), -4.6, -1.1, 1
(331.3, 489.2), (326.3, 480.9), 3.7, -3.1, 0
(444.2, 373.8), (446.0, 361.3), -3.1, 3.7, 0
(433.7, 394.0), (426.0, 405.7), 3.6, 0.1, 0
(454.4, 446.2), (449.1, 448.4), 0.0, -3.2, 1
(366.3, 494.5), (364.9, 507.8), -4.4, 1.9, 0
(357.9, 427.8), (377.7, 419.5), -3.0, -2.8, 1
(338.9, 405.2), (342.4, 420.6), -3.8, 2.3, 0
(461.2, 318.0), (469.6, 316.2), -0.3, 3.8, 0
(408.9, 421.3), (396.8, 425.0), 1.3, -3.0, 0
(326.9, 428.8), (346.9, 410.4), -0.9, -4.7, 0
(491.2, 483.6), (495.7, 483.8), 2.6, -1.7, 1
(319.1, 492.1), (333.4, 503.3), 2.2, 0.2, 0
(302.1, 337.0), (314.9, 356.9), -4.7, -3.9, 1
(322.4, 325.6), (326.3, 342.6), -2.6, -1.2, 1
(427.4, 399.5), (436.5, 412.4), 1.0, 4.6, 1
(483.3, 476.5), (490.5, 472.1), 1.1, -1.5, 0
(315.3, 420.7), (327.6, 435.6), 1.4, 0.8, 0
(407.8, 345.2), (403.7, 344.3), 3.4, 0.9, 1
(338.9, 463.0), (325.2, 451.6), 1.0, -3.5, 0
(390.3, 367.0), (387.0, 350.7), 4.3, 2.0, 1
(326.0, 407.2), (343.6, 388.9), -1.3, -4.8, 1
(347.5, 487.1), (344.7, 505.8), 2.4, 0.2, 0
(323.3, 325.8), (334.5, 306.5), -4.6, -3.1, 0
(404.1, 340.6), (399.7, 356.0), -4.1, 3.7, 0
(377.3, 437.0), (360.2, 454.6), -2.9, 4.5, 0
(350.8, 368.1), (332.9, 365.3), 0.5, -0.6, 0
(397.1, 469.5), (394.1, 471.9), 4.0, 1.2, 1
(358.1, 492.6), (342.7, 484.8), 0.5, 2.9, 1
(456.0, 368.5), (445.5, 383.0), 4.1, 2.4, 0
(381.5, 342.4), (387.3, 347.0), -3.8, -4.0, 1
(390.3, 438.8), (394.5, 420.7), -1.3, 0.6, 0
(460.7, 357.2), (447.9, 337.8), 5.0, 4.9, 0
(380.6, 419.6), (383.5, 437.3), -0.8, 1.2, 1
(473.9, 431.4), (487.1, 437.0), 2.6, 2.5, 1
(317.9, 404.4), (303.7, 415.8), 0.8, 1.4, 0
(329.4, 413.1), (321.2, 424.0), 3.9, 0.7, 0
(490.7, 478.1), (475.0, 491.7), 3.1, -2.8, 0
(455.3, 386.0), (457.8, 404.4), -4.5, 1.2, 0
(498.0, 394.6), (493.9, 379.3), 2.6, 4.7, 0
(428.4, 334.8), (417.0, 337.2), 4.9, -2.7, 0
(365.2, 432.5), (381.5, 438.5), 4.0, 0.2, 0
(467.2, 496.2), (480.3, 512.1), 4.6, 3.9, 0
(496.3, 480.4), (499.0, 477.8), -4.7, 3.0, 0
(381.2, 452.6), (383.0, 438.5), 1.6, -4.1, 1
(414.6, 368.9), (419.8, 385.9), -2.8, 0.6, 1
(319.7, 466.1), (334.9, 476.8), 3.1, -1.9, 1
(496.1, 450.1), (486.2, 437.8), -2.3, 0.4, 0
(417.5, 454.6), (431.5, 445.5), 4.0, 3.5, 0
(395.7, 344.7), (375.9, 358.8), -0.7, -1.1, 1
(312.5, 311.0), (325.9, 321.6), 0.0, -4.2, 0
(462.9, 367.0), (481.6, 381.1), -4.5, -4.3, 0
(422.4, 355.8), (414.1, 360.1), 3.6, -1.8, 1
(381.6, 335.4), (386.7, 323.3), 0.8, -0.6, 1
(425.4, 310.1), (420.1, 315.6), -2.3, 4.0, 1
(388.5, 356.3), (375.0, 364.9), -0.5, -3.6, 1
(452.6, 382.3), (437.8, 367.8), -4.8, 3.0, 1
(445.0, 465.2), (461.9, 482.1), 4.8, 0.7, 0
(453.8, 352.7), (449.7, 353.7), 0.3, -4.3, 0
(339.7, 390.8), (323.3, 376.1), 4.3, -1.4, 0
(340.5, 483.2), (336.6, 481.9), 4.3, -0.4, 0
(469.9, 479.8), (456.5, 463.9), 1.0, -5.0, 0
(343.8, 384.4), (356.8, 403.6), -1.8, -0.3, 1
(375.2, 338.1), (373.1, 353.7), 0.5, -1.9, 0
(445.2, 333.7), (448.3, 315.7), 3.6, -2.1, 0
(494.6, 318.9), (485.6, 338.7), -2.6, -3.0, 1
(466.4, 379.7), (467.8, 396.8), 4.1, 2.4, 1
(433.5, 334.1), (420.9, 314.6), -3.4, -4.1, 1
(478.9, 417.8), (491.9, 401.9), -3.1, 0.2, 1
(334.3, 409.2), (343.7, 408.9), 2.3, 1.1, 0
(451.6, 473.3), (440.8, 486.2), -2.6, -3.9, 0
(408.7, 499.2), (405.0, 492.7), 0.7, -0.5, 0
(398.6, 440.6), (400.3, 446.0), -1.0, 4.3, 0
(390.7, 440.0), (386.8, 457.6), -2.6, -0.9, 0
(472.0, 303.1), (482.6, 298.1), -3.6, 1.6, 0
(336.1, 425.8), (329.2, 412.2), 4.9, 1.8, 1
(303.0, 367.0), (322.5, 384.5), 1.9, -1.0, 0
(446.5, 404.6), (457.3, 391.5), 4.8, -3.6, 1
(493.8, 451.0), (512.0, 453.3), 0.3, 1.8, 0
(386.0, 421.8), (377.5, 423.7), -4.8, -3.4, 0
(470.2, 459.7), (488.2, 467.3), -2.7, 3.4, 1
(495.0, 419.6), (502.7, 419.9), -2.1, -3.7, 1
(469.2, 421.9), (471.4, 404.6), -4.2, -1.5, 1
(492.5, 450.2), (473.9, 456.4), -4.1, 4.2, 0
(479.0, 380.3), (474.7, 368.2), 2.7, 1.6, 0
(486.8, 390.4), (482.0, 373.5), 1.1, 2.2, 1
(399.0, 406.4), (394.4, 392.4), 1.2, 4.2, 1
(443.7, 330.8), (457.1, 323.6), 0.8, -0.1, 0
(458.1, 406.4), (465.4, 386.5), 1.4, 1.8, 0
(373.7, 439.1), (389.1, 445.6), 3.7, 2.6, 1
(376.2, 423.9), (383.6, 426.7), -4.7, -3.8, 1
(480.0, 335.2), (489.8, 349.3), -2.3, -3.2, 1
(392.1, 378.8), (377.8, 391.9), 1.1, -3.1, 0
(426.8, 326.6), (428.1, 329.7), -2.3, -1.1, 0
(473.3, 338.9), (491.7, 355.9), 4.3, -1.6, 0
(352.1, 436.9), (368.8, 424.4), 2.6, 2.2, 1
(335.6, 489.0), (331.1, 507.7), -3.3, 4.5, 0
(473.7, 344.5), (474.9, 355.7), -1.3, -2.8, 0
(412.0, 378.2), (406.6, 396.3), -0.1, -2.4, 1
(489.9, 411.7), (470.5, 404.6), -0.1, 1.8, 1
(344.8, 338.8), (350.0, 323.6), 1.8, 0.1, 0
(485.3, 322.6), (484.5, 322.0), -4.5, 0.2, 1
(416.4, 353.8), (397.9, 367.4), -2.9, -1.9, 1
(358.7, 321.5), (371.8, 309.6), -2.8, -3.3, 0
(463.5, 395.2), (477.3, 396.2), -2.6, -0.7, 1
(309.2, 492.0), (299.8, 505.8), 2.0, 1.4, 0
(356.7, 454.0), (340.2, 465.0), -3.2, -1.2, 0
(439.2, 404.7), (441.7, 408.9), 3.3, 2.6, 0
(354.3, 326.0), (368.1, 327.0), 3.6, -1.5, 0
(478.0, 487.0), (480.3, 503.6), 2.8, -0.8, 1
(472.8, 416.7), (469.4, 426.9), 0.4, -2.2, 0
(327.6, 441.2), (328.1, 460.5), 3.9, -2.2, 1
(446.6, 384.4), (441.1, 399.1), 2.9, 3.4, 1
(335.6, 325.8), (353.9, 342.2), 4.7, 3.1, 1
(497.1, 305.1), (514.4, 285.3), -4.6, -3.4, 1
(374.5, 345.9), (380.4, 335.2), 4.6, -3.7, 0
(459.9, 473.7), (442.6, 453.9), -1.6, -4.7, 0
(426.7, 385.1), (436.2, 392.4), -2.2, -2.2, 1
(377.2, 424.0), (385.8, 409.8), 4.6, 1.9, 0
(384.6, 479.8), (396.2, 488.5), -2.1, -0.9, 0
(325.9, 469.2), (345.3, 477.3), 4.2, -2.1, 0
(405.2, 461.1), (392.1, 462.8), 3.2, 2.4, 0
(467.3, 325.3), (471.5, 340.4), 1.5, 1.3, 0
(311.8, 447.7), (327.2, 448.4), -0.8, -0.1, 0
(443.5, 392.6), (424.5, 379.2), -0.3, 0.2, 0
(433.0, 335.4), (420.3, 329.4), -0.4, -2.4, 1
(412.4, 353.1), (397.8, 339.3), 0.7, -4.7, 0
(423.7, 402.2), (434.7, 409.0), -0.5, 4.0, 0
(445.9, 378.5), (447.9, 365.8), -0.6, -3.8, 1
(335.1, 391.4), (323.7, 389.1), 2.2, -2.8, 0
(491.3, 485.2), (484.4, 472.1), 0.8, 0.7, 0
(448.2, 476.3), (466.4, 485.6), 3.0, 1.6, 0
(428.1, 347.3), (430.1, 336.7), -3.3, 1.5, 0
(457.9, 471.1), (459.5, 463.9), 4.4, -2.3, 0
(397.8, 428.9), (407.3, 444.2), -2.8, 3.1, 1
(349.4, 303.9), (342.7, 318.5), 0.8, 4.5, 1
(422.2, 445.0), (409.5, 442.9), 3.2, 3.6, 1
(300.5, 414.2), (298.1, 400.7), -1.7, 1.7, 1
(451.9, 482.1), (460.7, 470.7), 2.1, 3.2, 0
(415.9, 411.7), (432.5, 401.4), -3.5, 3.1, 0
(326.9, 372.9), (336.1, 381.9), -4.5, -3.1, 0
(476.7, 353.1), (478.8, 357.3), 4.4, 3.8, 1
(369.9, 342.1), (379.5, 350.3), -1.3, 0.1, 0
(347.4, 407.0), (364.3, 418.9), 4.2, 2.9, 0
(340.4, 355.6), (332.5, 372.5), 1.5, 3.1, 1
(321.9, 313.3), (335.3, 299.8), -2.9, 2.3, 0
(304.6, 329.8), (307.7, 341.0), 2.3, 0.9, 1
(432.8, 318.5), (420.8, 309.6), 3.7, 0.1, 0
(422.4, 339.3), (402.6, 335.9), -0.3, -2.9, 1
(318.6, 493.5), (304.4, 475.4), -3.5, -3.5, 0
(331.5, 473.3), (348.4, 491.8), -0.9, 2.5, 0
(310.7, 421.2), (320.5, 404.7), -3.9, -1.0, 0
(482.7, 308.4), (487.4, 289.6), -3.6, -1.6, 1
(486.5, 339.6), (491.4, 348.8), -4.6, 0.7, 1
(376.1, 341.7), (356.6, 328.8), 1.5, 1.7, 1
(455.3, 320.7), (465.9, 312.0), -4.0, -2.2, 1
(425.1, 328.1), (418.6, 308.5), 1.6, 4.8, 0
(419.3, 375.1), (399.9, 388.0), -3.1, 3.5, 1
(444.3, 467.9), (427.0, 477.6), 1.6, 3.1, 0
(443.1, 413.8), (436.9, 424.9), 0.8, 3.2, 0
(345.8, 390.7), (331.4, 378.4), 4.4, 0.5, 1
(377.5, 452.5), (362.7, 466.4), -2.4, -4.3, 0
(305.1, 498.0), (322.3, 494.9), -1.4, -3.4, 0
(411.5, 355.6), (398.2, 360.4), -0.6, 2.2, 0
(386.2, 472.4), (367.1, 461.5), -3.7, -2.2, 0
(368.5, 352.2), (383.0, 365.3), 1.8, 1.4, 0
(440.2, 473.3), (421.5, 455.6), -4.8, -1.4, 1
(491.3, 412.9), (502.1, 410.9), -0.8, 2.9, 0
(374.2, 418.0), (385.3, 411.9), -2.1, 3.4, 0
(350.3, 468.3), (335.7, 480.7), -0.4, -5.0, 0
(411.0, 453.8), (422.9, 454.4), -4.6, -4.7, 1
(410.8, 320.1), (406.7, 330.6), -4.1, -3.4, 0
(408.9, 403.4), (421.4, 410.2), -0.5, -3.5, 0
(473.7, 321.6), (467.4, 304.1), -4.2, 0.1, 1
(390.6, 349.3), (389.1, 338.5), -4.2, -4.5, 1
(372.2, 406.1), (363.2, 398.1), 3.0, -3.3, 0
(305.0, 413.0), (292.2, 414.3), 0.3, -1.4, 1
(440.7, 419.2), (440.5, 407.4), 0.6, -1.7, 0
(421.4, 331.3), (433.8, 348.9), 4.2, 3.4, 1
(387.4, 329.8), (381.5, 312.3), -2.6, -3.6, 1
(303.8, 311.5), (294.4, 308.1), -4.0, 4.7, 0
(451.0, 459.0), (433.0, 462.6), 1.7, -3.8, 1
(307.5, 449.8), (298.0, 439.2), 2.7, 0.5, 1
(414.8, 363.0), (421.5, 371.3), -1.8, -3.3, 1
(422.1, 400.4), (434.4, 392.3), 3.3, 3.2, 1
(456.7, 405.8), (456.4, 394.8), -4.3, -0.4, 1
(437.0, 462.7), (432.3, 465.0), -2.1, -0.9, 1
(491.1, 329.7), (490.5, 347.8), -0.1, 0.7, 0
(346.7, 334.8), (339.6, 322.2), 2.4, 4.7, 1
(416.6, 482.4), (436.4, 480.2), -4.9, 2.1, 1
(333.0, 386.2), (352.6, 392.6), -4.7, -0.3, 1
(464.0, 408.1), (450.8, 391.7), -4.5, -3.4, 0
(426.2, 432.1), (416.5, 446.1), 4.0, 0.5, 0
(347.0, 436.9), (357.1, 439.7), 1.0, 3.8, 1
(480.2, 479.5), (463.5, 477.3), -4.8, 3.4, 1
(485.6, 401.6), (498.2, 415.7), 4.7, 4.3, 1
(360.8, 327.6), (371.1, 325.7), 3.8, -1.4, 0
(414.2, 388.1), (414.5, 385.6), -4.9, -3.3, 0
(351.9, 309.4), (350.9, 308.3), -4.1, 3.4, 0
(376.0, 317.0), (379.9, 300.7), 1.5, -4.2, 0
(402.2, 399.9), (414.9, 390.8), -3.3, 1.7, 0
(392.7, 450.4), (395.8, 470.4), 4.3, -0.2, 0
(353.4, 417.8), (342.6, 402.5), 4.0, -4.1, 1
(322.5, 385.4), (322.3, 387.5), -2.5, -0.1, 0
(366.7, 375.5), (350.9, 392.7), 0.8, 3.6, 1
(336.3, 428.0), (351.7, 445.0), 2.0, -2.2, 1
(376.7, 349.7), (367.3, 354.2), -4.7, -0.5, 1
(330.3, 388.8), (316.5, 382.3), -1.1, -3.4, 1
(416.0, 348.6), (421.2, 339.6), 0.5, -5.0, 0
(353.2, 380.0), (361.1, 369.1), -4.6, -0.6, 1
(379.0, 330.3), (398.5, 331.4), 1.0, -4.3, 0
(424.6, 312.7), (416.6, 301.3), 3.3, 0.9, 0
(371.5, 451.1), (375.5, 463.7), 5.0, 3.7, 1
(321.6, 342.7), (330.4, 358.4), -1.6, 4.8, 0
(483.7, 364.2), (484.1, 360.3), 2.8, 2.0, 0
(372.1, 491.2), (382.1, 491.1), -2.4, 1.2, 1
(363.6, 306.3), (351.3, 297.9), -4.7, 0.7, 1
(469.0, 394.0), (478.6, 409.9), 4.3, -4.3, 0
(440.0, 418.9), (443.0, 420.8), -4.6, 0.4, 0
(473.3, 392.3), (475.3, 376.2), -4.2, -2.3, 0
(457.5, 467.9), (462.4, 484.7), 1.3, 4.5, 1
(423.3, 407.7), (435.5, 397.6), 4.8, -1.0, 1
(362.3, 401.3), (365.0, 408.9), 3.7, -1.7, 1
(495.8, 460.7), (477.8, 445.7), -3.7, 1.0, 0
(311.7, 437.5), (310.8, 431.9), 2.0, -1.2, 0
(370.3, 314.1), (353.4, 321.4), -4.4, 3.3, 1
(341.4, 362.9), (337.9, 371.3), -3.7, 0.1, 1
(365.5, 419.9), (360.7, 400.2), -4.8, 1.6, 1
(461.4, 359.7), (480.2, 349.8), -4.5, 4.2, 1
(436.5, 354.8), (452.6, 369.3), 1.1, -0.7, 1
(310.0, 457.8), (300.5, 438.4), 2.9, -1.9, 1
(473.0, 398.0), (470.8, 399.5), -4.7, -0.5, 1
(453.6, 493.0), (441.3, 493.2), 1.1, -0.7, 0
(471.4, 373.9), (483.4, 388.9), 2.8, 3.5, 0
(454.1, 367.3), (445.7, 351.6), 1.3, 1.0, 1
(345.8, 310.7), (353.6, 317.8), -3.4, -3.1, 0
(330.4, 336.2), (340.9, 334.3), 4.6, -0.2, 1
(362.1, 326.9), (354.8, 309.6), -4.7, -4.2, 1
(441.8, 320.0), (436.7, 338.9), 0.0, 4.6, 1
(498.7, 301.2), (514.9, 302.7), -3.9, 0.9, 1
(396.2, 398.9), (398.6, 386.7), -4.2, 0.8, 1
(388.8, 457.1), (369.4, 469.2), -0.5, 4.9, 1
(458.5, 470.5), (464.0, 467.5), -3.5, -3.9, 0
(310.7, 405.8), (299.8, 416.1), -0.2, -2.7, 1
(439.3, 445.9), (453.9, 447.2), -0.4, -1.5, 0
(373.7, 352.9), (374.3, 345.3), -3.8, 0.6, 0
(400.7, 475.7), (395.2, 485.8), 4.5, -4.5, 1
(350.9, 430.6), (342.3, 429.3), 2.4, 3.7, 0
(322.3, 488.9), (308.4, 497.4), -0.5, 2.7, 1
(436.4, 424.2), (449.1, 407.6), -0.6, 2.7, 0
(348.6, 358.7), (354.2, 368.4), -0.1, -4.7, 1
(437.0, 463.9), (452.9, 458.1), -4.9, 0.4, 0
(421.3, 377.4), (411.2, 359.1), -1.7, 1.4, 0
(377.3, 498.9), (396.5, 491.9), 0.5, 3.3, 1
(424.8, 345.9), (438.7, 361.1), -4.9, 3.6, 0
(402.9, 443.0), (398.8, 442.0), -2.1, 4.1, 1
(369.1, 334.4), (359.2, 351.1), 4.6, -2.4, 1
(310.7, 406.3), (323.5, 421.5), 1.9, -0.2, 0
(390.1, 456.9), (374.4, 462.5), 1.5, 4.1, 1
(348.2, 419.2), (334.1, 417.4), 0.0, 1.6, 1
(460.8, 413.6), (457.8, 417.0), 0.1, -3.4, 0
(361.2, 497.1), (360.5, 505.2), 3.4, -4.0, 1
(436.2, 350.8), (425.5, 363.2), 3.6, 4.9, 1
(442.1, 335.0), (427.4, 323.2), 0.6, -2.7, 1
(332.5, 347.1), (335.3, 331.2), 4.8, 4.9, 1
(306.0, 484.0), (292.3, 499.3), -2.9, -3.3, 0
(442.3, 411.4), (430.8, 397.2), -4.6, -3.8, 0
(346.0, 477.8), (326.7, 485.5), -1.1, -0.7, 0
(309.1, 306.0), (322.7, 309.8), 3.7, 4.2, 1
(443.0, 324.3), (444.9, 337.1), -3.1, -1.2, 0
(357.8, 483.5), (347.2, 485.6), 4.3, 1.5, 0
(417.9, 451.0), (429.4, 442.1), 2.8, 2.7, 0
(339.0, 361.9), (353.7, 365.4), 3.3, 2.9, 0
(300.7, 446.7), (320.5, 444.9), 2.5, 4.2, 0
(374.0, 463.1), (391.7, 481.2), 0.9, -0.6, 0
(366.3, 480.6), (348.1, 477.9), 4.0, -1.1, 1
(318.4, 302.6), (324.3, 319.3), -2.0, -4.1, 0
(440.8, 478.4), (458.5, 497.8), -5.0, -0.5, 1
(320.1, 422.8), (337.0, 426.5), 2.7, -0.3, 0
(373.5, 412.3), (361.2, 409.1), -3.0, 0.5, 1
(406.9, 413.5), (411.7, 399.9), 1.1, 2.8, 0
(408.0, 411.6), (408.8, 417.0), -3.8, 0.3, 1
(456.3, 314.5), (437.5, 326.6), -0.7, -1.4, 0
(413.9, 479.4), (394.8, 483.1), -3.7, 4.4, 0
(386.3, 440.3), (405.9, 438.5), 4.6, 0.2, 0
(376.0, 360.5), (359.2, 374.7), 2.6, 4.8, 1
(486.9, 488.1), (498.3, 482.6), 0.1, 4.7, 0
(392.1, 391.4), (400.4, 398.2), -3.6, -2.0, 0
(456.8, 319.3), (463.7, 332.7), 0.5, -2.2, 1
(488.0, 387.1), (475.1, 372.8), 4.4, -1.7, 0
(389.9, 462.2), (405.1, 478.8), -2.4, 2.3, 1
(483.2, 321.0), (485.4, 328.3), -1.3, 3.3, 0
(363.8, 455.9), (348.8, 469.7), -3.6, 3.4, 1
(399.4, 300.0), (402.4, 317.5), -4.5, 1.3, 0
(485.1, 479.7), (481.5, 497.7), -0.4, -2.9, 0
(355.7, 472.9), (375.4, 473.0), 4.2, 1.1, 1
(301.0, 317.8), (301.8, 335.6), 3.2, -3.2, 1
(443.4, 348.1), (428.9, 344.9), -1.1, 4.3, 1
(301.2, 313.2), (312.7, 330.9), 1.4, 2.5, 0
(318.3, 414.9), (337.3, 419.3), 3.4, 3.9, 0
(496.2, 431.4), (488.8, 428.5), 2.5, -4.6, 1
(345.5, 463.4), (357.2, 445.5), 0.7, -3.0, 0
(392.5, 461.9), (396.2, 469.2), -5.0, -0.2, 0
(475.5, 414.8), (467.9, 423.3), 2.0, -2.7, 0
(459.5, 404.4), (456.0, 406.6), -2.9, 3.6, 1
(326.3, 351.4), (344.6, 362.1), -0.9, 2.3, 0
(495.5, 340.4), (487.9, 342.0), -2.9, 2.7, 0
(307.1, 366.5), (293.3, 377.4), 1.6, -1.0, 0
(313.7, 478.5), (302.3, 493.7), 2.9, -1.4, 1
(404.8, 476.3), (394.5, 491.1), -3.5, 0.3, 1
(472.4, 495.8), (469.8, 505.6), -0.5, 0.9, 0
(497.9, 499.3), (513.6, 516.5), 0.0, 0.5, 0
(363.6, 345.6), (380.4, 357.5), 1.3, 3.5, 1
(483.0, 408.0), (476.2, 390.2), 3.2, 4.3, 0
(378.7, 389.8), (372.1, 373.0), 4.6, -3.4, 0
(445.8, 301.9), (427.2, 319.4), 4.0, -1.8, 0
(398.7, 440.0), (407.9, 446.6), 1.0, 3.9, 0
(490.2, 499.4), (488.7, 499.7), -1.1, 1.0, 0
(328.5, 461.1), (336.6, 458.9), -1.1, 1.9, 0
(333.6, 304.8), (342.3, 299.6), -2.7, 3.2, 1
(439.7, 316.6), (426.8, 296.7), -4.2, -3.6, 1
(480.2, 457.0), (496.2, 451.3), 4.6, -4.9, 1
(451.9, 439.9), (433.9, 432.7), -1.6, 3.6, 0
(481.3, 369.4), (493.2, 376.9), 0.9, -0.6, 1
(306.4, 356.5), (324.6, 356.2), 2.6, 2.0, 0
(392.7, 410.1), (410.0, 418.5), 0.9, -1.3, 0
(482.7, 433.3), (495.9, 415.2), 4.8, -2.1, 0
(494.0, 454.6), (474.5, 462.2), 0.8, -5.0, 1
(325.2, 306.3), (313.8, 288.1), 1.1, 4.7, 1
(312.9, 408.6), (318.0, 424.9), 4.6, 4.9, 1
(476.1, 423.3), (463.1, 425.1), -1.5, 2.5, 1
(437.2, 368.1), (419.0, 363.6), -4.7, -0.9, 1
(413.9, 415.5), (419.6, 411.4), -0.7, 4.1, 0
(314.7, 377.4), (312.3, 367.9), 2.8, 4.0, 1
(400.2, 438.9), (385.2, 454.5), -2.8, -3.1, 1
(361.4, 439.8), (380.8, 454.3), -4.8, -1.1, 1
(375.4, 469.6), (361.7, 462.7), -2.8, 1.3, 0
(314.6, 342.5), (309.8, 332.7), 4.0, -3.2, 0
(391.9, 351.0), (395.2, 356.1), 1.6, 0.7, 0
(343.8, 344.3), (337.0, 328.1), -4.8, 2.9, 0
(428.6, 478.5), (442.2, 460.3), -2.6, 1.4, 1
(402.1, 348.6), (388.1, 364.7), -4.1, -1.1, 0
(458.9, 423.3), (439.2, 439.1), -1.7, 4.8, 1
(366.8, 475.3), (369.3, 486.9), 0.4, -1.8, 0
(317.5, 418.7), (321.3, 415.6), -3.3, -4.5, 0
(383.8, 460.8), (371.0, 441.2), 1.9, -0.4, 1
(404.1, 315.5), (402.6, 314.1), -4.8, 1.0, 0
(481.5, 322.9), (493.5, 336.6), -2.7, 2.5, 0
(336.2, 386.3), (354.5, 370.2), 3.0, 2.3, 0
(313.5, 481.4), (314.5, 466.4), 0.7, -0.1, 0
(437.3, 413.1), (434.6, 424.0), 0.0, -2.9, 1
(366.5, 410.1), (375.7, 425.3), 0.7, -0.4, 1
(333.5, 438.1), (328.8, 438.8), 2.1, 2.5, 1
(483.4, 395.8), (494.1, 403.7), 3.6, -4.3, 1
(421.7, 330.9), (438.1, 330.1), -3.3, 0.1, 1
(492.3, 362.2), (474.4, 346.0), 0.1, -3.3, 1
(332.5, 310.8), (334.6, 315.4), 0.4, 1.3, 0
(327.1, 489.1), (309.4, 472.7), -2.2, 4.9, 0
(446.2, 484.9), (460.6, 494.8), -4.3, 4.7, 1
(415.5, 442.1), (423.5, 449.0), 2.4, 2.3, 0
(307.2, 341.6), (289.3, 359.1), 2.0, -2.8, 0
(326.1, 387.8), (320.5, 405.0), 2.0, -4.0, 1
(443.6, 308.3), (454.6, 293.5), -4.1, -1.6, 0
(381.4, 379.2), (361.5, 398.5), -4.4, 2.2, 0
(487.0, 388.0), (485.4, 383.9), 0.8, 1.1, 0
(326.4, 314.2), (307.3, 300.7), 1.0, -0.8, 0
(393.9, 375.6), (398.3, 390.0), -3.4, 2.5, 0
(323.9, 457.0), (314.4, 470.7), 2.4, 3.2, 0
(424.0, 378.4), (410.1, 361.6), 3.7, 4.4, 1
(397.4, 400.2), (392.0, 402.5), -1.3, 3.4, 1
(392.1, 450.6), (407.7, 446.0), 2.0, 4.3, 0
(414.1, 460.8), (408.5, 443.3), 0.8, 2.8, 1
(360.1, 307.2), (378.7, 302.9), -3.0, -1.9, 0
(443.5, 413.5), (437.2, 405.6), 1.0, -3.3, 0
(325.9, 333.8), (311.3, 349.1), -3.8, -2.0, 0
(351.1, 457.2), (357.8, 474.0), 2.4, 4.4, 1
(353.3, 330.3), (360.5, 344.3), 1.4, 4.5, 1
(489.8, 418.8), (497.3, 402.7), 1.2, -0.9, 0
(444.9, 481.5), (453.3, 487.8), 0.7, -1.2, 0
(340.2, 367.8), (329.8, 353.1), 4.7, 4.9, 1
(494.8, 337.3), (489.4, 319.6), 0.3, -2.8, 1
(489.8, 489.9), (471.2, 497.5), -4.2, 2.1, 1
(469.7, 405.8), (465.9, 400.8), 2.2, -1.3, 1
(455.7, 378.1), (463.3, 385.1), -0.0, 3.0, 1
(417.4, 479.0), (429.3, 469.7), 2.7, 4.0, 1
(489.4, 372.1), (479.0, 366.9), -0.3, 3.6, 1
(377.3, 445.6), (388.4, 440.9), 3.1, -0.7, 1
(325.3, 335.4), (316.7, 316.3), 2.0, -4.9, 1
(485.1, 487.4), (501.7, 479.6), -4.1, -1.6, 1
(419.2, 364.6), (436.8, 367.6), -1.0, 3.4, 0
(322.6, 484.5), (303.1, 499.3), -2.2, -2.6, 0
(353.1, 377.0), (370.5, 368.4), 5.0, 4.5, 0
(349.6, 479.5), (367.2, 492.1), -2.0, -1.8, 1
(342.7, 461.9), (340.8, 458.4), 1.6, -0.4, 0
(492.2, 436.1), (472.9, 437.5), 1.9, -3.8, 1
(484.0, 328.4), (468.8, 323.2), 0.5, -4.1, 1
(363.7, 341.8), (376.3, 348.1), 2.4, -3.2, 1
(352.0, 468.8), (358.0, 476.0), -4.5, -0.0, 0
(473.9, 486.8), (481.0, 494.4), -0.9, -1.6, 0
(344.5, 388.9), (342.6, 392.0), -1.0, -1.8, 0
(339.0, 300.7), (330.1, 283.2), 3.3, 4.3, 1
(463.1, 462.7), (480.4, 445.2), 4.3, -1.3, 0
(307.3, 484.2), (306.6, 491.5), 2.3, -4.3, 0
(364.0, 432.5), (381.8, 417.3), -4.7, -2.0, 0
(453.8, 343.5), (449.8, 355.8), 1.9, -0.1, 0
(481.7, 339.7), (469.6, 344.6), -1.5, -3.5, 1
(335.2, 444.2), (339.2, 431.6), 2.3, 3.6, 0
(368.8, 443.8), (387.4, 437.9), 3.9, 1.6, 0
(481.9, 329.7), (467.9, 337.4), 3.1, -2.7, 0
(478.7, 420.7), (465.7, 412.2), 3.5, 1.9, 0
(456.4, 345.1), (445.4, 342.2), 0.1, 4.7, 1
(379.4, 481.5), (381.5, 479.8), 0.1, -1.1, 1
(457.6, 324.2), (457.8, 310.5), 3.5, -1.2, 0
(302.8, 324.9), (298.7, 319.1), 3.5, 3.2, 0
(478.6, 411.7), (481.0, 430.1), 2.1, 4.6, 1
(433.2, 468.4), (430.6, 476.7), -2.4, 3.6, 1
(395.7, 364.9), (405.8, 350.1), -2.9, 4.7, 0
(496.4, 496.5), (482.1, 482.9), 2.1, -4.8, 0
(450.9, 358.4), (470.8, 352.3), 4.9, 3.6, 0
(443.5, 433.0), (450.9, 447.4), -3.2, 4.6, 1
(311.4, 336.6), (327.0, 356.3), -1.6, -1.3, 0
(480.0, 348.4), (495.9, 360.1), -0.2, 3.0, 0
(471.0, 322.9), (453.2, 318.8), 2.9, -2.2, 0
(301.3, 433.8), (290.4, 436.2), -2.0, -3.8, 1
(329.7, 477.7), (312.6, 488.7), -3.3, 1.6, 1
(432.8, 345.8), (445.9, 344.8), -1.3, -4.4, 1
(458.2, 309.0), (450.9, 311.8), 3.0, 4.4, 0
(373.7, 385.6), (382.5, 368.5), 0.7, 4.2, 1
(366.0, 354.3), (368.8, 361.1), 0.8, -1.2, 0
(418.2, 390.2), (418.1, 402.4), -4.4, 3.0, 0
(303.6, 333.7), (322.7, 340.4), -4.3, 3.7, 1
(319.2, 445.8), (302.8, 438.1), 4.4, 0.7, 1
(481.2, 424.1), (479.7, 426.7), -0.5, -4.6, 1
(343.1, 333.0), (342.7, 332.3), -4.2, 1.0, 0
(326.4, 430.4), (333.4, 411.5), 4.6, 2.0, 1
(429.7, 384.1), (419.2, 389.6), -2.9, 1.3, 1
(340.6, 420.5), (345.8, 415.8), -1.9, -4.7, 1
(336.3, 324.9), (318.2, 309.8), -4.3, 3.4, 1
(397.3, 375.6), (417.0, 378.1), -0.4, 4.2, 1
(301.4, 310.0), (287.0, 328.7), -0.4, -1.9, 1
(399.3, 359.5), (397.2, 357.6), -1.9, 4.4, 1
(463.2, 377.1), (457.1, 384.8), -4.7, 3.6, 0
(304.6, 348.9), (297.2, 337.7), -3.0, 0.9, 1
(495.0, 413.0), (499.7, 431.5), -0.6, -3.9, 1
(327.5, 439.2), (316.4, 427.4), 1.9, 0.9, 0
(335.8, 370.0), (322.3, 356.4), -0.9, -2.9, 1
(347.0, 315.7), (339.5, 307.3), 0.2, 3.5, 1
(422.3, 369.7), (413.6, 376.0), -2.5, 4.7, 1
(474.9, 488.4), (466.6, 477.3), 2.1, 2.9, 1
(422.4, 379.1), (439.5, 382.7), 2.5, -2.6, 1
(355.2, 390.2), (344.2, 405.4), 3.8, -2.4, 0
(329.2, 309.5), (322.3, 306.4), 1.1, -0.2, 0
(497.7, 433.8), (499.0, 444.6), 0.2, 3.6, 1
(320.0, 331.5), (338.6, 351.4), 2.6, -0.5, 0
(438.3, 323.0), (437.4, 304.8), -1.7, 4.0, 1
(338.5, 426.1), (349.9, 420.9), -0.3, 0.9, 0
(307.5, 302.0), (299.5, 304.7), 3.5, -1.2, 0
(329.7, 422.2), (332.3, 435.1), -3.6, 2.4, 1
(321.3, 455.8), (309.5, 470.3), -1.7, -1.1, 1
(405.8, 419.0), (393.4, 422.3), 1.3, 3.4, 0
(411.1, 386.0), (423.3, 403.0), 1.1, 4.4, 1
(441.2, 410.5), (428.7, 418.3), -1.0, -2.8, 0
(344.6, 408.4), (339.4, 423.8), -2.0, -3.2, 1
(331.5, 434.1), (316.9, 448.5), -3.1, -0.4, 0
(353.0, 341.6), (337.3, 333.6), 1.6, 2.1, 1
(400.9, 438.6), (412.9, 434.5), 3.2, 3.3, 0
(410.4, 480.3), (428.4, 472.9), 2.1, -3.6, 1
(376.3, 416.5), (358.3, 432.0), 1.5, 1.5, 1
(387.6, 357.2), (386.3, 344.7), -4.6, -2.9, 1
(311.7, 345.7), (323.4, 359.1), 4.5, -3.4, 1
(384.4, 367.7), (382.4, 361.1), 3.7, 4.2, 0
(339.8, 326.7), (359.6, 331.6), -2.7, -3.6, 0
(366.0, 414.7), (350.4, 402.9), -4.9, -4.8, 0
(350.7, 393.7), (333.4, 401.4), 1.7, -0.7, 1
(373.0, 463.2), (370.5, 460.2), 2.8, 1.1, 1
(450.2, 363.0), (466.1, 345.3), -2.2, -1.3, 0
(315.6, 480.7), (332.1, 490.1), 0.6, -2.4, 1
(334.1, 305.8), (325.0, 322.5), 2.9, -4.5, 1
(391.7, 489.3), (403.7, 501.7), 3.0, 4.2, 0
(318.2, 443.5), (336.5, 450.0), -3.7, -4.5, 1
(311.7, 462.9), (320.6, 479.5), -2.4, 3.8, 1
(445.9, 491.7), (459.2, 490.7), 1.4, -0.0, 1
(382.8, 424.5), (396.1, 441.9), -3.2, -2.4, 1
(372.0, 408.3), (373.4, 425.1), -3.5, 1.8, 0
(367.9, 474.4), (350.5, 460.7), 1.0, 3.0, 1
(377.1, 451.6), (368.3, 441.8), 0.1, 2.4, 0
(397.1, 425.4), (395.1, 436.2), -4.2, -3.1, 0
(316.9, 495.9), (301.7, 494.2), 0.1, -2.6, 1
(496.5, 410.6), (508.8, 420.3), -4.5, 4.2, 0
(390.9, 309.9), (403.9, 301.6), -4.6, 1.3, 0
(419.7, 370.5), (423.2, 375.3), -2.5, -1.5, 1
(447.0, 479.5), (431.4, 463.6), -3.2, 4.1, 1
(449.7, 350.0), (452.0, 337.2), -4.8, 3.6, 0
(328.9, 375.1), (323.9, 368.0), 3.1, 0.9, 1
(470.0, 338.5), (457.8, 347.9), 1.9, 3.2, 0
(495.2, 358.9), (492.9, 375.1), -4.8, 0.0, 1
(401.7, 416.0), (394.9, 406.9), -4.8, -3.3, 1
(422.8, 375.5), (423.1, 369.5), 1.1, 3.7, 0
(457.6, 389.6), (447.9, 397.7), -3.2, -0.7, 0
(332.0, 475.5), (341.6, 472.1), -2.3, -0.5, 1
(394.8, 459.0), (381.2, 453.3), -3.5, -0.8, 1
(369.9, 316.7), (382.2, 302.1), 1.5, 0.7, 0
(330.2, 357.2), (313.0, 374.1), 4.6, 2.7, 0
(308.4, 418.3), (301.0, 424.9), 0.8, -2.7, 0
(392.7, 444.0), (378.8, 440.4), 3.3, 2.2, 0
(308.5, 375.4), (302.0, 365.8), 0.1, 1.5, 1
(319.4, 341.0), (303.7, 347.1), 2.6, -4.6, 1
(414.8, 470.3), (403.8, 484.6), -4.4, 1.4, 0
(470.1, 318.9), (483.3, 330.2), -1.3, -2.0, 0
(442.2, 407.7), (457.0, 409.4), 0.4, 4.9, 1
(478.7, 320.8), (482.0, 322.0), -2.4, 0.4, 1
(361.9, 361.1), (347.2, 374.6), -5.0, 2.9, 0
(414.0, 400.5), (431.3, 398.2), 0.2, -2.6, 1
(404.2, 455.2), (422.5, 460.7), -2.2, 3.7, 1
(455.0, 323.8), (452.4, 308.9), -2.0, -3.2, 0
(443.0, 387.2), (428.8, 370.2), -3.2, -1.9, 0
(309.1, 332.6), (299.2, 321.3), 4.7, -2.2, 1
(487.5, 483.4), (490.3, 497.9), 3.7, -4.1, 1
(330.7, 452.1), (334.2, 455.8), 1.1, 0.8, 0
(430.3, 402.7), (418.3, 412.2), -4.8, -2.8, 1
(384.4, 304.2), (392.0, 290.9), -5.0, -4.9, 0
(449.6, 407.8), (437.3, 403.7), 3.7, -5.0, 0
(365.3, 335.9), (355.1, 337.1), -2.7, 2.1, 1
(410.6, 332.4), (407.3, 344.8), -3.3, 2.8, 0
(311.9, 379.6), (319.8, 366.2), -0.4, -0.6, 0
(471.6, 335.5), (473.8, 351.0), 3.8, 0.0, 1
(434.6, 476.6), (422.8, 489.1), -0.9, 2.5, 1
(427.0, 476.7), (445.5, 493.2), 2.5, 2.7, 0
(379.5, 321.0), (376.9, 313.1), 2.8, -5.0, 0
(338.0, 432.8), (349.6, 420.8), -2.7, 1.1, 0
(434.6, 469.8), (443.8, 458.8), 4.0, -0.4, 0
(405.7, 365.1), (423.2, 374.5), 2.0, -0.9, 1
(398.6, 319.0), (380.3, 329.2), 2.2, 3.3, 0
(301.3, 479.8), (302.8, 463.8), 1.5, -2.3, 0
(424.2, 393.4), (422.0, 389.8), -0.4, 0.0, 0
(370.5, 418.7), (373.7, 420.0), -2.5, 1.9, 1
(432.1, 335.6), (439.2, 355.3), 3.2, -3.5, 1
(375.4, 439.2), (388.3, 440.5), 2.6, 1.1, 1
(414.9, 318.8), (407.9, 307.0), 1.2, 0.9, 0
(368.7, 344.7), (359.6, 342.1), 1.4, 2.6, 1
(477.3, 415.9), (481.6, 413.7), 1.3, -3.6, 1
(384.6, 497.7), (376.8, 508.3), 0.7, -1.0, 0
(412.5, 410.6), (416.3, 402.9), 1.8, -2.5, 1
(437.1, 470.1), (428.5, 461.2), 4.5, -3.1, 1
(322.5, 392.4), (314.1, 390.7), 4.4, -1.6, 1
(446.6, 407.3), (447.9, 427.2), -2.1, 0.8, 0
(353.0, 363.2), (364.7, 349.9), 1.4, 3.1, 0
(365.3, 334.2), (378.8, 353.6), -3.4, -3.6, 1
(307.8, 380.0), (309.9, 396.1), -4.8, 0.4, 1
(406.9, 350.5), (407.7, 361.3), -5.0, 3.8, 0
(475.0, 460.9), (468.2, 453.1), 3.1, 0.5, 1
(352.4, 470.9), (372.2, 473.1), -0.8, 3.7, 0
(329.9, 492.0), (341.4, 508.6), -4.5, -2.9, 1
(444.0, 452.0), (440.2, 455.6), 3.7, 1.0, 0
(303.5, 493.6), (297.8, 485.4), 0.6, 2.7, 0
(465.1, 495.7), (471.7, 511.6), -2.1, -0.5, 0
(400.5, 396.0), (409.4, 376.8), -3.8, -0.3, 1
(475.6, 460.7), (456.9, 466.0), -3.0, -1.3, 0
(309.5, 354.3), (301.3, 372.3), -2.5, 1.0, 0
(378.7, 354.9), (372.4, 351.7), 4.0, -1.0, 1
(333.0, 488.0), (328.1, 499.5), -3.7, -1.8, 1
(422.3, 387.2), (421.4, 379.9), -0.7, -3.2, 0
(325.0, 301.6), (314.4, 318.9), 1.5, -2.1, 0
(351.7, 361.5), (367.8, 353.6), -2.1, 2.9, 1
(419.5, 420.2), (412.5, 404.0), 3.2, -2.7, 0
(362.5, 397.8), (345.8, 383.3), -1.7, -1.5, 0
(333.2, 465.8), (349.2, 448.0), 2.4, -1.1, 0
(489.3, 486.1), (472.0, 494.8), -0.3, 4.2, 0
(426.7, 392.7), (412.9, 403.6), 0.4, 0.5, 0
(423.5, 411.1), (432.0, 404.0), -1.8, -3.2, 1
(334.1, 468.3), (319.7, 482.7), -4.0, -3.8, 1
(397.9, 423.0), (395.8, 405.2), 4.2, 0.3, 0
(372.7, 419.9), (363.0, 418.0), -2.3, -2.7, 1
(427.7, 371.3), (413.4, 368.9), 0.3, 2.4, 1
(322.4, 457.9), (320.9, 452.2), -2.0, 3.1, 1
(339.9, 357.9), (355.9, 346.0), -1.7, -0.1, 0
(344.4, 325.0), (333.2, 308.3), 2.9, 1.9, 0
(465.1, 404.2), (469.1, 391.5), 4.4, 0.1, 0
(462.4, 411.4), (456.5, 398.3), 0.4, -3.0, 1
(465.4, 387.0), (458.1, 369.5), -3.2, -0.5, 1
(381.7, 466.3), (370.2, 459.4), -2.7, 3.1, 0
(320.3, 412.9), (304.6, 409.9), -0.2, -2.1, 1
(399.3, 447.0), (397.0, 442.2), -3.4, 3.1, 0
(497.4, 344.9), (509.9, 330.4), 1.0, -2.4, 1
(425.8, 386.0), (444.7, 379.7), 1.1, 0.8, 0
(437.9, 322.4), (439.2, 324.6), -0.2, 0.8, 0
(466.5, 436.8), (460.1, 420.6), -4.2, 0.9, 1
(480.9, 334.0), (472.7, 325.1), 4.4, 2.8, 1
(423.9, 487.8), (437.4, 492.4), -0.4, -1.3, 0
(412.2, 475.4), (425.2, 491.0), -1.7, 2.1, 1
(450.8, 325.3), (451.6, 309.7), 0.9, -3.2, 0
(388.2, 416.8), (397.5, 421.1), 4.0, 3.5, 0
(464.0, 359.8), (465.6, 365.4), 4.1, -0.5, 0
(392.4, 485.2), (402.4, 486.4), 4.2, -2.4, 1
(462.2, 458.0), (474.0, 446.2), -0.0, 3.7, 1
(496.4, 321.0), (483.7, 309.7), -4.7, 0.3, 1
(450.4, 469.8), (435.0, 453.1), -2.5, 4.9, 1
(466.9, 316.0), (484.7, 309.4), -4.9, 3.2, 0
(466.7, 389.1), (469.8, 383.9), -3.5, 3.6, 1
(417.0, 344.2), (428.6, 327.8), 3.3, -1.9, 0
(450.9, 392.9), (460.9, 403.7), 1.7, -3.0, 1
(304.0, 448.9), (288.9, 438.5), 0.8, -4.9, 0
(470.6, 497.0), (462.9, 502.8), -1.8, -3.8, 1
(308.5, 311.8), (309.7, 324.9), 3.0, 3.6, 0
(308.5, 365.5), (323.7, 357.5), 2.1, -2.9, 0
(481.2, 486.5), (493.0, 487.8), -2.9, 2.6, 0
(483.0, 315.8), (490.6, 316.2), 1.0, 0.7, 0
(370.6, 459.7), (353.1, 440.0), -1.7, -1.8, 1
(318.1, 426.6), (309.7, 433.2), -4.1, -1.7, 1
(464.1, 347.9), (463.6, 335.3), -1.5, 3.8, 0
(376.0, 349.2), (394.2, 353.8), 1.6, 3.4, 0
(394.3, 336.3), (375.4, 322.7), 0.9, 5.0, 1
(382.0, 368.6), (371.9, 355.7), -4.2, 3.1, 1
(313.7, 441.0), (310.2, 422.4), -4.0, 5.0, 1
(491.8, 364.7), (507.4, 358.1), 3.7, 1.3, 1
(381.9, 353.1), (400.9, 371.7), -4.6, 1.7, 0
(327.1, 496.0), (307.4, 481.7), -0.8, -0.8, 0
(352.7, 351.8), (343.5, 336.5), 2.5, -2.7, 1
(458.8, 485.3), (461.9, 488.3), -4.6, -0.0, 1
(439.0, 472.1), (445.4, 476.4), 4.7, 4.2, 0
(334.6, 407.3), (349.0, 424.9), 0.1, 2.7, 1
(450.9, 370.1), (465.1, 359.6), 3.3, -1.7, 1
(327.2, 398.2), (325.3, 413.7), -4.8, 4.7, 0
(457.8, 451.5), (471.3, 464.3), 2.8, 2.7, 0
(340.6, 489.4), (344.2, 499.8), 4.0, 0.1, 0
(409.7, 388.6), (419.6, 407.1), -2.8, -2.7, 1
(356.8, 395.0), (337.3, 385.0), -2.7, -4.9, 0
(424.5, 322.5), (442.6, 310.3), 3.3, 3.7, 0
(337.3, 325.5), (322.6, 316.1), -3.3, -4.6, 1
(313.6, 469.5), (328.1, 458.8), -4.2, -4.7, 1
(390.0, 326.8), (380.8, 318.0), -4.8, 2.1, 1
(437.9, 467.8), (428.8, 470.4), -3.4, -1.3, 0
(468.0, 428.6), (450.4, 428.0), 1.2, -4.0, 0
(328.8, 355.4), (346.9, 336.5), 2.3, 0.6, 0
(448.9, 496.6), (463.5, 499.6), -3.0, -3.2, 0
(498.4, 468.4), (510.1, 455.8), -4.9, 3.3, 0
(334.5, 319.9), (335.8, 324.8), -4.6, -1.9, 1
(319.8, 376.3), (301.9, 356.8), 0.5, -0.5, 0
(311.2, 486.0), (322.4, 467.3), -1.6, 2.9, 1
(478.7, 382.8), (464.1, 385.7), -3.0, 4.6, 0
(302.0, 393.0), (306.2, 374.2), -4.0, -2.6, 1
(491.1, 412.6), (471.6, 424.6), -2.8, -0.4, 0
(450.5, 306.9), (448.6, 293.3), -3.9, 0.4, 1
(413.3, 448.6), (412.2, 431.7), -1.1, -3.6, 0
(305.0, 464.7), (297.6, 481.6), 2.7, 2.4, 0
(499.8, 322.2), (486.4, 334.5), 4.6, -0.3, 0
(391.0, 361.3), (387.2, 380.6), -3.6, -2.7, 1
(358.6, 457.3), (374.7, 444.7), -3.6, 1.5, 0
(328.8, 336.2), (345.3, 327.0), -4.2, 4.5, 0
(416.7, 361.0), (429.6, 372.9), -0.3, -3.2, 0
(341.6, 336.5), (347.3, 330.7), -4.1, 4.2, 1
(381.8, 430.3), (385.9, 422.3), 0.6, 4.7, 0
(354.1, 369.0), (361.8, 372.4), -1.5, -1.2, 0
(321.2, 415.0), (305.6, 433.2), 0.4, 4.2, 0
(334.1, 386.0), (349.4, 405.7), 2.0, 2.3, 1
(351.1, 411.2), (362.7, 427.5), 0.1, -0.8, 0
(392.7, 499.8), (409.0, 499.8), -2.3, -0.4, 0
(402.2, 346.1), (415.1, 348.4), -4.1, 0.6, 0
(398.1, 423.9), (400.8, 407.4), -2.0, -4.5, 0
(378.6, 492.4), (383.6, 505.7), 2.9, 4.8, 1
(408.1, 402.0), (398.9, 419.8), -4.6, -3.4, 0
(414.8, 405.6), (407.6, 402.8), -3.5, 3.6, 0
(313.2, 333.3), (322.9, 333.0), 4.4, -3.5, 0
(371.9, 365.8), (387.0, 376.2), -5.0, -4.8, 1
(349.7, 358.3), (358.3, 354.5), -2.6, -3.9, 0
(300.7, 404.2), (311.4, 406.9), -4.1, -2.5, 1
(459.7, 304.6), (477.9, 318.6), -1.2, 2.5, 0
(464.1, 327.8), (463.9, 345.1), 2.4, 0.8, 1
(448.0, 423.6), (443.5, 425.2), 2.3, -2.0, 0
(488.6, 473.3), (490.5, 472.5), -2.4, -2.6, 0
(304.6, 419.3), (318.3, 422.9), -2.2, -2.8, 1
(323.7, 319.4), (337.1, 337.5), -4.2, -4.0, 0
(363.7, 432.4), (365.9, 427.2), -2.4, 0.0, 1
(330.0, 303.6), (335.5, 315.8), 1.6, -4.3, 0
(364.8, 347.8), (361.3, 329.0), -1.8, 4.4, 1
(356.7, 478.1), (347.6, 474.3), -0.6, 2.2, 0
(311.7, 327.6), (327.0, 336.4), 3.1, 2.1, 0
(437.7, 330.4), (423.3, 319.3), -0.5, 4.2, 1
(493.6, 329.9), (509.3, 315.5), 0.3, 0.0, 0
(399.4, 437.8), (415.6, 436.5), 2.9, -1.4, 0
(382.3, 332.0), (399.5, 325.7), -0.5, -4.9, 0
(331.9, 318.9), (342.8, 337.0), 0.5, -1.7, 0
(437.3, 487.7), (442.5, 499.1), 4.7, -1.5, 0
(357.4, 473.3), (353.3, 488.6), -4.4, 1.0, 0
(311.1, 385.3), (292.0, 368.7), 0.6, 0.2, 1
(317.3, 317.9), (332.5, 334.2), -3.0, 4.0, 1
(313.7, 317.9), (294.9, 334.1), 4.5, 2.2, 0
(399.6, 385.9), (409.6, 374.9), 3.1, 3.9, 1
(362.4, 445.1), (381.2, 437.3), -3.2, -3.6, 1
(383.8, 343.8), (389.2, 339.1), 4.7, -3.9, 0
(366.6, 301.4), (366.5, 311.1), 1.3, -3.0, 1
(398.4, 329.8), (387.8, 332.1), -0.8, -0.1, 1
(407.0, 332.6), (399.7, 316.7), 1.8, 3.3, 0
(378.8, 497.4), (379.2, 511.3), 2.0, -1.1, 1
(486.4, 456.6), (504.5, 470.9), -2.2, -4.2, 1
(476.8, 381.8), (478.6, 382.2), 3.4, 2.9, 1
(394.7, 466.0), (401.2, 469.1), 1.4, -1.4, 0
(382.6, 486.5), (394.8, 478.7), 0.7, 4.9, 0
(325.1, 362.6), (316.0, 351.0), -4.5, 2.3, 1
(409.5, 489.5), (395.6, 482.9), 1.4, 3.4, 1
(332.7, 351.4), (344.2, 332.0), -1.0, 1.9, 1
(428.6, 317.6), (413.5, 324.4), 1.1, 2.7, 0
(406.2, 392.7), (386.3, 399.5), -2.7, -2.7, 1
(400.1, 472.8), (412.3, 481.8), 0.3, -2.2, 1
(407.4, 498.6), (403.6, 513.3), -4.8, 3.5, 0
(498.6, 336.3), (485.0, 351.5), -1.9, 1.6, 1
(316.5, 445.2), (306.3, 426.4), 2.1, -4.5, 1
(300.8, 489.2), (300.7, 473.2), 2.3, 3.7, 1
(310.6, 311.7), (297.1, 331.7), -3.0, 0.9, 0
(316.0, 461.5), (297.3, 442.0), -2.0, 4.4, 0
(348.1, 450.0), (348.0, 434.0), 3.2, 2.6, 1
(309.1, 449.8), (324.5, 460.1), 3.8, -3.4, 1
(436.7, 423.4), (446.8, 405.4), 0.1, -4.0, 1
(469.1, 427.2), (481.9, 420.4), -1.4, -4.9, 0
(315.4, 491.6), (309.0, 485.1), -3.3, -3.8, 1
(484.5, 411.6), (491.6, 425.1), 0.2, -5.0, 0
(455.9, 419.7), (438.1, 408.8), -3.9, -0.8, 1
(305.5, 438.1), (289.9, 442.7), 4.8, -3.5, 0
(435.4, 475.8), (438.9, 495.3), -2.5, -0.1, 0
(407.1, 397.0), (420.6, 378.6), 3.8, 0.6, 0
(479.9, 301.4), (491.9, 303.3), 1.7, 2.2, 1
(456.9, 393.1), (475.7, 374.4), -3.3, -2.4, 1
(338.8, 453.6), (327.4, 449.4), -3.1, 4.7, 0
(378.1, 307.6), (397.9, 311.7), 2.6, 0.5, 1
(351.9, 433.3), (332.7, 445.3), 1.8, -1.4, 1
(423.9, 323.7), (427.1, 343.0), 4.3, 2.0, 0
(317.9, 311.0), (302.5, 307.2), -2.0, -3.5, 0
(300.9, 485.5), (289.6, 480.1), 4.8, 4.5, 1
(478.6, 331.3), (492.5, 339.4), 1.9, 1.2, 0
(415.6, 357.7), (429.8, 357.8), -2.8, -4.9, 0
(447.7, 420.1), (460.1, 432.7), -1.8, -2.7, 0
(320.2, 482.3), (315.3, 491.1), 2.6, 2.1, 1
(439.7, 380.9), (451.4, 370.1), 3.7, 1.1, 1
(346.5, 410.0), (330.3, 403.0), 3.2, 3.8, 1
(482.4, 384.1), (493.2, 370.3), 0.1, 3.1, 1
(471.1, 324.5), (470.0, 326.5), -1.8, 2.6, 0
(327.4, 454.1), (343.6, 470.4), -1.7, -4.0, 0
(418.5, 453.0), (418.4, 437.0), -1.4, -3.5, 0
(452.5, 462.4), (451.0, 451.5), -1.2, -3.5, 1
(387.0, 447.6), (406.7, 458.5), -0.8, -0.4, 0
(307.3, 312.9), (291.4, 311.4), -4.4, 0.0, 0
(372.3, 461.1), (382.5, 460.3), 4.9, 2.5, 1
(432.9, 312.2), (416.8, 305.0), 4.8, 0.3, 0
(477.7, 359.3), (460.6, 351.4), 3.5, 2.1, 0
(376.7, 332.4), (363.6, 322.8), 2.5, 1.9, 1
(496.3, 478.7), (483.7, 479.3), -2.0, -4.5, 1
(385.7, 327.2), (383.5, 342.9), 1.8, -3.6, 0
(471.9, 441.3), (489.7, 429.6), 0.5, 4.2, 1
(383.5, 327.7), (387.7, 316.4), 0.3, 2.2, 1
(421.5, 381.3), (428.3, 362.5), -2.4, 4.2, 1
(418.3, 346.8), (400.6, 340.1), -1.3, -2.6, 0
(369.4, 305.1), (370.4, 318.4), 2.7, -0.3, 1
(448.4, 491.4), (441.5, 505.5), -0.7, -2.4, 0
(362.9, 436.4), (372.4, 432.8), -4.4, -0.3, 1
(400.0, 367.8), (390.1, 365.3), -4.2, 2.0, 0
(348.2, 456.3), (338.6, 470.1), -0.2, 3.6, 0
(391.1, 341.2), (373.5, 328.3), 4.4, -3.5, 0
(321.3, 315.0), (319.9, 309.8), 3.9, -0.7, 0
(493.7, 321.3), (480.3, 332.5), -3.4, 3.8, 1
(322.8, 353.6), (324.9, 356.7), -2.7, -1.3, 0
(467.1, 491.1), (447.4, 494.5), 3.1, -3.1, 0
(449.4, 499.0), (468.7, 510.8), -4.9, 5.0, 1
(336.9, 379.5), (336.7, 362.6), -0.8, -4.7, 0
(390.1, 476.7), (400.5, 493.6), 3.1, -4.2, 0
(389.1, 455.7), (404.7, 463.1), 4.4, -2.1, 0
(341.7, 382.7), (340.1, 372.8), -2.2, 0.8, 0
(472.6, 388.1), (475.1, 399.4), -0.7, -2.6, 0
(408.0, 491.6), (389.3, 487.5), 4.3, -2.4, 0
(476.2, 423.2), (480.7, 442.6), -1.7, 2.0, 0
(447.6, 345.0), (446.1, 331.3), 2.6, -3.2, 0
(332.0, 414.5), (344.9, 403.4), 1.5, -2.0, 1
(311.9, 466.1), (320.6, 464.2), 1.5, 3.2, 1
(472.6, 410.6), (464.8, 429.7), 0.9, -2.4, 1
(304.7, 444.6), (304.9, 446.4), -2.0, -5.0, 1
(498.7, 450.7), (512.6, 431.6), -4.6, -4.9, 0
(413.0, 468.5), (399.9, 450.3), -3.1, -4.2, 1
(455.3, 488.9), (470.6, 478.4), -4.7, -2.4, 0
(417.0, 334.7), (403.2, 353.0), -2.5, -3.3, 0
(348.9, 313.4), (335.1, 308.4), 1.5, -1.7, 0
(322.7, 476.9), (311.8, 470.5), -1.7, 2.2, 0
(345.2, 381.0), (345.4, 383.1), 0.6, 2.0, 0
(424.8, 451.0), (414.6, 466.0), -2.1, -2.5, 0
(418.4, 326.5), (430.9, 307.5), 0.6, 2.4, 0
(324.5, 466.3), (336.0, 476.4), -4.1, 3.8, 0
(388.9, 366.7), (392.8, 359.2), 3.7, 1.0, 0
(490.3, 323.6), (480.0, 323.4), -3.0, -0.2, 1
(417.6, 355.6), (400.2, 336.2), -3.2, 2.7, 1
(428.2, 413.3), (444.3, 406.9), 4.9, -4.0, 0
(336.2, 389.3), (344.3, 373.3), -1.3, 2.2, 0
(488.8, 471.0), (479.8, 463.7), 1.7, 0.1, 1
(350.4, 320.6), (366.6, 328.6), 3.9, -0.7, 1
(461.7, 345.7), (441.9, 349.4), 1.6, 3.8, 1
(363.1, 327.5), (345.5, 314.1), -3.9, -1.5, 0
(472.0, 370.9), (464.7, 361.8), 2.2, -3.6, 0
(359.9, 433.2), (341.9, 447.3), -0.1, 0.9, 0
(352.2, 421.1), (337.3, 428.8), -2.5, -3.7, 0
(400.3, 347.3), (413.1, 352.4), 1.8, 2.0, 0
(418.1, 447.2), (436.9, 439.3), 0.4, -0.1, 1
(398.5, 376.4), (401.5, 394.9), 3.8, 2.6, 1
(370.9, 371.6), (375.6, 353.9), -1.6, 2.2, 1
(492.0, 355.0), (507.3, 348.3), 0.0, 2.8, 0
(465.9, 408.3), (484.8, 401.1), -0.6, 2.9, 0
(380.9, 334.4), (390.5, 325.0), -0.2, 1.6, 0
(372.5, 484.8), (387.0, 490.3), -1.8, -1.3, 1
(333.8, 331.8), (321.1, 325.8), 2.5, 0.3, 1
(445.9, 432.7), (451.3, 419.5), 3.8, -2.0, 0
(410.5, 337.7), (420.9, 353.0), 1.5, -4.1, 0
(458.6, 349.1), (449.5, 340.6), 0.7, 0.9, 0
(421.1, 431.0), (416.9, 444.3), -0.6, -3.7, 1
(300.0, 483.7), (315.7, 496.8), -4.5, 0.8, 1
(338.8, 313.4), (352.3, 319.2), -4.8, -2.7, 0
(310.0, 452.1), (313.0, 441.9), 2.6, 0.4, 0
(326.9, 359.6), (325.4, 343.0), 0.9, -1.2, 0
(439.0, 384.0), (419.8, 385.1), -0.4, 1.6, 1
(380.0, 380.0), (396.9, 390.0), 3.3, -4.5, 1
(474.1, 378.2), (462.8, 379.2), 4.4, -4.9, 1
(345.7, 334.7), (336.5, 318.3), 3.3, 1.6, 0
(434.7, 341.1), (449.4, 329.0), -0.9, -4.9, 1
(356.6, 318.6), (354.0, 304.1), -3.0, -4.0, 1
(355.2, 463.4), (339.9, 473.4), -0.4, -0.4, 1
(404.7, 395.3), (401.5, 412.1), -4.7, 3.6, 0
(458.0, 420.9), (445.2, 439.9), 3.2, 3.8, 0
(394.7, 471.7), (378.7, 473.7), -4.8, -4.1, 1
(423.9, 412.9), (410.8, 420.8), -4.6, -3.3, 0
(389.1, 353.3), (379.8, 364.1), -3.3, -2.3, 1
(456.2, 459.2), (456.2, 454.8), -2.4, 0.7, 0
(333.1, 474.8), (344.0, 469.6), -2.7, 3.4, 0
(383.6, 413.6), (374.8, 412.3), -3.0, -0.7, 1
(312.6, 302.4), (330.9, 306.2), -2.7, 3.7, 1
(396.3, 488.7), (383.3, 484.4), -2.2, -1.8, 0
(467.0, 306.5), (478.3, 305.6), -4.2, 1.7, 0
(360.9, 469.3), (366.3, 478.8), -2.1, -0.4, 1
(355.2, 391.4), (351.0, 386.4), 0.4, -0.5, 1
(475.7, 351.3), (472.3, 350.0), 1.8, -1.1, 0
(380.8, 484.9), (396.9, 496.2), -1.3, -2.0, 0
(403.9, 463.3), (413.8, 466.1), 4.4, -3.5, 1
(484.9, 333.4), (498.6, 313.8), 0.2, -1.7, 1
(430.0, 467.5), (425.4, 459.1), -2.6, -0.9, 1
(306.7, 479.9), (295.8, 469.8), -2.3, -0.8, 0
(342.3, 379.3), (348.0, 385.9), -4.8, -1.0, 0
(409.6, 327.1), (419.0, 324.0), 3.9, -0.2, 1
(455.2, 422.9), (466.1, 420.9), 1.5, -0.7, 0
(400.5, 365.9), (404.4, 379.0), -1.1, 2.5, 1
(340.9, 435.9), (327.6, 436.5), 1.2, 3.5, 1
(497.5, 304.8), (511.2, 316.8), 1.4, 3.5, 1
(414.2, 327.8), (398.9, 326.0), -2.4, 3.6, 1
(453.0, 453.0), (454.8, 449.0), 2.2, -4.7, 1
(341.2, 467.8), (351.7, 463.9), -3.4, 4.3, 0
(394.9, 488.7), (398.1, 475.8), 3.4, 3.4, 0
(434.6, 413.3), (436.0, 399.7), -3.8, -3.5, 1
(493.2, 453.9), (504.1, 443.2), -4.1, 2.4, 0
(406.8, 464.5), (399.1, 455.0), -0.9, -2.1, 0
(341.2, 439.1), (342.7, 457.2), -2.7, 3.8, 0
(491.5, 360.5), (511.1, 364.6), -4.8, -2.2, 1
(389.9, 498.8), (393.9, 481.3), -1.6, 0.4, 0
(300.4, 351.7), (304.7, 338.2), 5.0, -2.7, 1
(431.7, 349.1), (413.9, 334.9), 3.7, 1.8, 0
(393.2, 407.8), (389.8, 407.8), 4.3, -1.1, 1
(490.8, 354.2), (479.6, 338.8), 3.8, 0.3, 0
(320.6, 430.1), (310.7, 441.0), 4.2, 1.6, 0
(365.7, 339.9), (363.7, 321.8), -0.2, 4.4, 0
(382.5, 359.7), (380.3, 341.6), -4.7, 1.3, 0
(403.5, 479.7), (422.0, 462.3), -3.4, -3.5, 0
(420.1, 382.9), (407.1, 397.7), -2.0, -2.0, 1
(450.5, 306.0), (464.5, 304.3), 0.2, 1.6, 1
(490.3, 336.8), (496.2, 342.0), -4.1, -0.8, 0
(384.6, 418.5), (369.1, 422.5), 3.9, 3.6, 0
(460.0, 381.2), (445.3, 383.5), 0.3, 3.4, 0
(425.0, 391.3), (430.4, 403.4), 4.9, -0.8, 1
(356.1, 343.7), (368.2, 338.9), 1.5, 1.4, 1
(499.7, 436.1), (514.7, 452.1), -4.2, -4.9, 1
(462.1, 486.1), (447.8, 472.6), 3.8, -2.9, 0
(417.1, 487.8), (403.4, 476.7), -1.4, -4.9, 1
(414.0, 381.0), (426.6, 389.2), -2.5, -1.2, 1
(300.2, 483.7), (291.9, 478.7), -3.7, 2.6, 1
(308.4, 371.0), (316.3, 368.0), 0.0, -4.2, 1
(458.0, 455.8), (449.1, 436.4), -2.6, -1.0, 1
(468.1, 479.8), (470.0, 464.5), 3.7, 0.7, 1
(349.8, 373.9), (367.3, 369.9), -3.5, -3.0, 0
(346.2, 307.7), (342.3, 306.2), 2.8, 4.7, 1
(356.7, 314.7), (351.7, 307.2), 3.2, 4.7, 0
(327.0, 310.1), (317.2, 314.3), -1.1, -3.3, 1
(412.7, 325.8), (408.1, 321.7), 4.7, 4.5, 1
(335.4, 478.5), (330.5, 497.9), 4.1, 4.5, 0
(417.6, 447.4), (429.2, 456.8), -2.5, -1.8, 1
(473.0, 380.0), (473.6, 388.4), -0.5, -3.1, 1
(302.5, 324.3), (292.7, 311.2), 0.2, 3.7, 1
(479.0, 462.6), (462.9, 450.6), 0.3, -3.1, 0
(331.0, 325.2), (311.3, 305.4), -4.3, -2.0, 1
(486.0, 329.4), (490.7, 339.2), -4.3, 2.9, 0
(470.6, 474.1), (479.8, 476.7), -2.8, -3.8, 0
(403.3, 415.0), (396.2, 431.0), 3.4, -0.3, 0
(418.3, 408.0), (424.1, 421.3), -1.2, -3.4, 0
(359.4, 302.3), (364.2, 310.6), -3.5, 0.2, 0
(367.4, 346.4), (370.2, 345.8), -0.7, 1.1, 0
(424.5, 352.2), (440.7, 348.2), 4.2, 0.7, 0
(429.8, 471.5), (425.9, 456.7), -5.0, -0.3, 1
(349.2, 487.0), (347.1, 483.4), -4.0, 0.3, 1
(495.6, 330.6), (506.2, 347.2), 1.4, 2.7, 0
(361.9, 459.1), (354.2, 449.4), 2.1, -1.8, 0
(431.3, 396.4), (436.1, 410.4), -4.0, -4.5, 1
(399.2, 428.5), (382.1, 448.1), -1.5, -2.7, 0
(451.5, 452.4), (438.7, 434.2), 2.0, 3.3, 0
(418.2, 403.1), (405.9, 401.5), -3.1, 2.3, 1
(470.4, 362.1), (484.2, 353.6), 1.1, 2.8, 1
(386.3, 388.8), (404.6, 385.4), -3.7, -2.7, 0
(484.6, 477.0), (492.3, 475.8), -1.8, 2.8, 0
(457.3, 426.0), (476.4, 433.5), 3.5, 4.7, 0
(396.7, 347.8), (403.0, 362.3), 0.9, -4.2, 1
(376.7, 494.3), (358.2, 506.9), 0.6, -1.5, 0
(368.9, 408.9), (352.0, 418.4), -4.0, 4.0, 1
(352.1, 443.7), (356.9, 450.4), -2.5, 1.7, 1
(309.4, 398.4), (308.3, 380.4), -4.9, -2.5, 0
(443.4, 363.8), (435.8, 365.4), 4.8, 4.9, 0
(420.8, 457.7), (422.7, 444.8), 3.0, -4.8, 0
(417.7, 378.7), (404.1, 396.3), 2.3, -2.6, 1
(483.1, 408.8), (479.0, 426.7), 1.3, 1.9, 0
(432.0, 406.8), (412.5, 402.5), -3.4, 2.0, 0
(494.2, 376.4), (501.8, 384.8), -2.9, -3.0, 0
(368.5, 383.5), (356.5, 400.8), 1.0, -0.3, 1
(470.0, 400.6), (470.3, 382.8), 2.7, -0.7, 0
(401.1, 493.0), (403.5, 512.7), -4.6, -3.3, 0
(419.9, 423.0), (421.5, 431.9), 1.9, 3.9, 1
(473.1, 315.8), (461.1, 330.0), -3.5, -1.1, 0
(319.2, 407.4), (321.4, 409.9), -1.6, 3.0, 0
(337.3, 323.9), (341.1, 320.0), -2.0, -0.5, 0
(329.3, 362.7), (333.4, 361.5), -4.9, -0.2, 1
(372.7, 355.7), (371.9, 363.6), 2.9, 3.6, 0
(483.7, 479.1), (466.9, 489.1), -2.1, 2.5, 1
(445.8, 415.3), (442.7, 427.0), 3.0, 5.0, 0
(474.6, 336.0), (467.6, 346.3), -1.2, -5.0, 0
(495.2, 327.6), (490.6, 337.2), -2.0, -3.7, 1
(462.6, 481.4), (442.8, 497.7), 0.2, -4.5, 0
(378.7, 308.3), (374.5, 305.7), -4.9, -4.6, 0
(429.4, 385.8), (442.9, 390.7), 0.9, -4.9, 0
(417.3, 418.5), (436.9, 400.8), 2.4, 1.4, 0
(373.0, 304.7), (363.5, 291.0), -3.0, 4.4, 1
(413.7, 439.2), (408.4, 453.5), 0.7, 3.2, 1
(308.3, 424.7), (309.7, 406.4), 3.6, -0.4, 1
(486.9, 432.3), (477.2, 423.3), 1.3, 4.5, 0
(363.8, 449.4), (382.3, 440.7), -2.1, -1.7, 0
(324.9, 303.3), (327.3, 312.0), 1.0, -1.5, 1
(405.9, 356.7), (419.4, 348.0), -1.7, 4.8, 0
(473.4, 419.4), (480.8, 405.4), -0.1, -0.0, 1
(439.9, 376.0), (429.3, 388.4), -4.0, -0.8, 0
(361.9, 384.6), (359.8, 376.5), 3.6, -3.5, 1
(480.4, 381.2), (465.6, 375.4), 4.9, -1.3, 1
(305.4, 374.9), (293.4, 355.1), -0.6, 1.8, 0
(384.6, 461.8), (377.3, 444.0), 0.3, 0.7, 1
(325.8, 351.1), (308.8, 340.9), -1.7, -0.6, 1
(311.3, 375.1), (301.9, 384.9), -2.9, 1.8, 1
(438.9, 497.5), (437.6, 479.7), 2.2, -3.8, 0
(451.7, 486.5), (457.2, 487.7), -0.7, 2.4, 1
(469.5, 380.9), (458.1, 374.1), 3.9, 0.5, 0
(476.2, 442.7), (476.0, 447.8), 0.6, -1.0, 0
(374.9, 393.7), (385.7, 412.6), 4.9, 1.9, 1
(460.3, 317.7), (450.9, 332.0), 3.1, -4.0, 0
(332.8, 420.7), (330.1, 410.4), -3.1, 3.2, 1
(342.5, 436.5), (331.0, 456.5), -1.0, -2.4, 0
(473.7, 484.3), (466.6, 494.8), 3.2, 4.3, 1
(375.2, 471.9), (381.3, 462.2), -0.6, 4.2, 0
(344.8, 407.0), (338.3, 392.6), -3.6, 1.9, 0
(415.0, 350.3), (434.7, 332.9), 1.2, -2.7, 0
(403.3, 358.7), (391.7, 350.5), 1.6, 1.0, 0
(477.9, 301.8), (484.8, 295.1), -1.8, -4.2, 1
(438.0, 325.4), (433.6, 342.0), -0.6, -0.6, 0
(340.3, 491.9), (325.3, 472.0), 3.3, 2.9, 0
(342.7, 330.9), (353.6, 328.2), 1.3, 2.8, 0
(398.6, 393.5), (387.3, 411.1), -0.9, 2.3, 0
(491.0, 380.4), (482.9, 379.5), 4.3, -0.6, 0
(411.7, 310.5), (406.8, 291.9), 1.1, -3.3, 1
(327.1, 357.5), (336.2, 339.0), -0.3, 2.1, 0
(326.5, 399.2), (307.2, 405.1), -0.7, 2.8, 1
(401.3, 385.6), (398.1, 380.5), 4.3, 3.4, 1
(466.1, 302.8), (447.7, 311.0), -3.1, 0.1, 1
(426.9, 458.8), (444.6, 474.1), 3.0, 4.5, 0
(356.5, 389.6), (349.1, 389.0), 0.9, -4.0, 0
(496.2, 439.8), (499.0, 439.2), 0.7, 0.4, 1
(468.4, 419.6), (451.5, 423.6), 2.1, -0.7, 1
(462.8, 302.8), (454.1, 310.9), 1.6, -3.6, 1
(455.0, 387.3), (443.7, 372.6), -2.8, 0.9, 1
(320.3, 320.2), (329.0, 323.6), 4.3, 0.3, 0
(432.1, 482.0), (425.3, 473.6), 4.3, -2.7, 0
(300.8, 314.6), (308.2, 312.1), 2.0, 4.2, 0
(327.5, 338.6), (331.2, 339.9), 4.2, 4.4, 1
(334.5, 477.9), (340.0, 471.5), 2.2, 2.5, 1
(312.8, 402.7), (312.9, 388.3), 4.7, -2.9, 1
(311.6, 431.5), (330.5, 423.1), -1.1, -4.5, 0
(497.5, 340.0), (506.4, 343.0), -1.3, -1.9, 1
(378.3, 450.6), (371.3, 447.7), -0.6, -2.3, 1
(338.6, 435.7), (328.2, 415.8), 1.2, 4.2, 0
(340.3, 460.8), (322.3, 462.5), 0.7, -3.6, 0
(376.8, 326.5), (360.8, 319.4), 4.0, 2.3, 1
(490.2, 366.1), (496.8, 367.0), -1.0, -1.7, 1
(477.7, 370.4), (497.3, 357.3), -0.3, -2.3, 0
(310.5, 404.8), (304.0, 416.2), -0.9, 0.3, 0
(358.2, 311.5), (341.1, 306.8), -2.4, -3.9, 0
(478.4, 472.3), (468.8, 483.1), 0.9, -0.3, 1
(301.0, 460.3), (314.3, 448.4), -0.9, 0.3, 1
(303.4, 455.1), (316.9, 467.9), 3.7, 2.3, 1
(304.0, 349.0), (291.7, 364.3), -2.0, 4.4, 0
(483.3, 402.5), (479.7, 389.5), 3.0, -1.7, 0
(408.1, 447.2), (397.0, 466.5), 2.8, -2.2, 0
(342.5, 433.6), (323.0, 444.4), 1.4, 3.2, 1
(419.3, 473.6), (436.0, 489.4), 3.8, -3.7, 1
(367.3, 330.6), (358.1, 319.0), -1.1, -2.3, 0
(359.8, 482.9), (358.3, 477.0), 2.7, 2.5, 1
(359.8, 401.9), (379.2, 404.8), -0.0, 1.4, 0
(414.6, 435.4), (430.1, 438.7), 1.3, 0.5, 0
(431.6, 386.4), (418.3, 391.1), -2.3, 1.5, 0
(460.3, 493.9), (454.4, 495.1), 4.7, -3.6, 1
(422.1, 474.2), (420.9, 488.0), -3.5, -2.7, 1
(433.0, 394.2), (434.3, 392.6), 1.1, 4.6, 0
(431.3, 313.3), (447.2, 322.9), 4.9, 1.9, 0
(340.3, 400.2), (350.5, 385.3), 1.1, 2.9, 1
(439.3, 461.2), (430.3, 464.0), -3.4, 1.5, 0
(333.7, 478.3), (314.9, 484.0), 2.2, -1.2, 1
(333.1, 384.0), (332.4, 401.1), -2.9, 3.5, 1
(338.5, 300.5), (334.6, 314.2), -2.9, 4.7, 0
(374.3, 496.3), (375.5, 512.1), 2.6, -0.3, 0
(359.0, 329.3), (354.2, 323.8), -1.6, -1.9, 0
(486.7, 485.6), (476.1, 484.0), -3.6, 1.5, 0
(390.1, 400.5), (393.2, 419.7), 3.8, -2.7, 0
(307.2, 462.5), (317.7, 459.6), 3.2, 3.7, 1
(311.1, 477.7), (302.3, 476.4), -0.5, -1.8, 1
(314.1, 458.2), (310.9, 450.8), -3.0, 0.2, 0
(468.6, 449.8), (467.1, 432.4), 0.8, -1.8, 0
(411.6, 360.5), (412.0, 364.8), 2.1, -1.1, 1
(465.4, 342.0), (455.9, 342.5), -0.9, 0.3, 0
(491.9, 437.0), (487.8, 423.1), 0.9, 1.8, 0
(322.9, 426.3), (329.6, 407.4), 3.5, 2.4, 0
(330.9, 413.4), (342.5, 414.3), -1.1, 1.6, 0
(402.1, 326.8), (414.5, 332.7), -0.1, 4.2, 1
(443.1, 470.0), (446.9, 484.9), -4.5, 0.9, 0
(396.2, 329.3), (398.4, 324.9), 1.1, -2.7, 1
(481.1, 402.3), (498.2, 399.7), -2.0, 4.0, 0
(348.5, 363.2), (345.4, 356.4), 0.1, -0.9, 0
(499.3, 338.2), (493.5, 336.0), 3.0, -0.6, 0
(453.2, 468.0), (459.5, 483.2), -4.0, -1.7, 0
(436.3, 453.5), (433.9, 469.7), -1.4, 1.4, 1
(423.6, 435.1), (433.1, 435.8), 2.1, -2.2, 0
(362.2, 496.4), (363.7, 480.6), -4.2, -4.4, 1
(490.2, 430.3), (498.3, 440.4), 4.4, 4.8, 1
(470.2, 339.7), (471.6, 337.4), -1.8, 2.5, 0
(448.7, 416.6), (446.2, 431.5), 1.2, 0.4, 0
(346.4, 494.7), (358.6, 499.8), -1.4, 0.1, 1
(382.4, 394.6), (394.8, 375.6), 2.6, -2.7, 1
(445.1, 385.5), (437.1, 366.3), -0.7, 4.4, 1
(396.0, 451.7), (396.2, 440.0), -3.8, 0.8, 1
(373.2, 441.3), (359.6, 457.7), 1.7, 1.6, 0
(320.9, 378.7), (323.3, 388.4), 2.1, -3.6, 0
(366.3, 373.7), (374.5, 365.8), -3.4, 3.2, 0
(335.0, 318.1), (349.2, 327.5), -4.3, -1.5, 1
(407.5, 416.6), (419.4, 397.6), -0.3, -2.9, 1
(458.9, 469.3), (467.3, 464.9), 2.3, -1.5, 1
(409.0, 430.1), (425.8, 429.5), 2.4, 4.2, 0
(384.9, 388.4), (378.4, 406.3), 4.0, -4.2, 0
(380.9, 410.4), (386.7, 428.1), 3.9, -4.0, 1
(467.6, 433.5), (463.0, 449.1), 2.1, -2.4, 0
(438.8, 462.2), (430.3, 471.6), -3.7, 3.1, 0
(407.2, 357.7), (412.7, 347.4), -3.0, 4.3, 0
(385.0, 470.5), (378.9, 487.9), -4.7, 2.3, 1
(441.4, 337.4), (443.7, 325.0), -1.2, -0.4, 1
(498.0, 382.8), (516.1, 362.8), 5.0, 2.5, 0
(355.6, 462.3), (372.4, 447.6), 3.5, -3.7, 0
(353.7, 417.7), (335.3, 433.7), -2.9, -0.6, 1
(410.7, 478.2), (410.3, 482.9), -4.8, -0.3, 1
(422.9, 365.5), (428.3, 356.5), -1.0, -2.3, 0
(423.4, 342.3), (434.4, 336.3), -0.4, 3.5, 1
(386.9, 361.4), (401.6, 356.5), -4.5, 0.5, 0
(397.9, 325.6), (386.7, 328.4), 2.8, -1.4, 1
(478.7, 426.7), (473.0, 437.1), 1.4, -0.1, 1
(375.1, 476.2), (387.6, 468.1), -4.6, -2.8, 1
(300.5, 335.8), (312.6, 329.5), 2.3, 4.8, 1
(455.9, 485.1), (446.1, 487.0), -0.2, -3.2, 0
(414.5, 360.1), (424.7, 378.4), -4.3, 4.3, 1
(375.6, 447.8), (358.9, 455.3), -2.1, 3.3, 0
(371.5, 322.9), (379.4, 326.4), 0.3, -0.3, 1
(342.7, 326.8), (350.3, 318.4), 0.8, -2.1, 1
(399.1, 387.1), (382.9, 374.9), 2.0, 3.0, 0
(312.0, 444.6), (313.4, 463.2), -4.1, -2.9, 0
(364.9, 487.7), (354.9, 485.0), 0.3, -3.3, 0
(489.1, 303.0), (501.0, 286.1), -0.4, -4.5, 1
(426.2, 364.0), (418.2, 357.2), -0.5, -4.5, 0
(328.6, 385.6), (331.7, 373.5), 4.2, 2.2, 1
(488.4, 335.8), (498.1, 316.3), -4.7, -3.2, 0
(337.0, 400.4), (352.0, 419.5), 1.9, -1.6, 0
(435.1, 483.1), (420.6, 474.6), -4.0, -2.1, 0
(305.5, 381.8), (286.9, 374.4), -2.4, 2.4, 0
(303.8, 496.6), (299.9, 512.3), -2.9, 2.4, 0
(325.7, 470.6), (316.9, 451.8), -1.8, 3.7, 0
(336.8, 335.2), (331.7, 320.8), -4.7, 4.6, 0
(470.1, 322.8), (458.4, 324.1), -2.9, 0.8, 0
(345.6, 334.9), (332.8, 330.0), 4.7, 3.0, 0
(348.7, 419.5), (342.1, 433.9), 1.8, -1.7, 0
(360.9, 400.1), (352.8, 412.3), 1.1, -0.7, 0
(334.7, 416.7), (331.9, 404.5), -3.3, -4.5, 1
(349.5, 450.1), (355.0, 449.0), 4.0, 3.2, 1
(432.4, 410.0), (437.4, 397.1), -0.3, -2.7, 1
(467.0, 318.4), (474.5, 338.3), 4.8, -1.0, 1
(412.5, 313.3), (412.1, 329.2), 4.6, -1.3, 0
(474.5, 402.2), (479.3, 398.8), -2.0, -2.3, 1
(343.8, 380.9), (347.1, 375.7), -2.1, -0.6, 1
(484.8, 378.8), (493.5, 385.4), -1.6, 0.6, 1
(325.5, 426.8), (336.1, 428.8), -1.6, -2.5, 1
(340.5, 482.2), (350.7, 477.7), 4.2, -3.5, 0
(367.8, 316.4), (373.4, 330.9), 2.0, -0.8, 0
(449.0, 409.4), (438.0, 400.3), 4.4, -2.1, 1
(400.0, 385.8), (406.8, 366.9), 2.8, -1.1, 0
(359.2, 394.1), (364.8, 398.7), 2.5, 2.6, 0
(383.1, 370.9), (372.0, 388.8), -4.2, -1.1, 0
(438.9, 317.7), (428.7, 317.6), -2.9, -3.7, 0
(394.3, 333.2), (407.5, 313.4), -4.0, 0.4, 1
(462.9, 491.8), (479.1, 472.5), 4.0, -1.1, 1
(414.8, 323.6), (433.9, 342.7), -1.0, -3.0, 1
(456.6, 388.4), (444.0, 394.1), 3.4, 2.5, 0
(377.7, 440.5), (371.5, 436.7), 4.2, -3.1, 0
(392.0, 449.6), (395.4, 461.9), 1.3, -2.0, 0
(379.1, 414.5), (379.3, 421.1), 4.9, -3.9, 1
(440.5, 376.7), (432.2, 375.1), 1.2, -0.5, 0
(382.3, 477.8), (371.3, 470.9), 1.0, -4.7, 1
(321.5, 370.0), (332.4, 351.1), -1.0, 2.2, 1
(446.3, 306.8), (456.5, 294.6), -2.7, 4.7, 0
(395.2, 433.2), (408.6, 439.4), -2.9, 1.9, 0
(356.3, 465.1), (358.1, 472.8), -4.1, -4.4, 0
(473.0, 398.7), (461.7, 381.7), -2.5, 0.4, 0
(380.1, 495.1), (383.2, 503.5), 1.6, -4.2, 0
(309.5, 362.3), (325.5, 348.8), 4.1, -3.5, 1
(470.6, 485.2), (466.8, 486.9), -4.7, 4.6, 0
(349.3, 328.9), (367.5, 339.7), -2.4, 4.0, 1
(360.5, 352.2), (346.7, 334.6), -1.8, -4.3, 0
(439.1, 413.1), (445.9, 412.5), 4.4, 0.9, 0
(484.2, 376.4), (467.3, 387.9), -4.0, 2.0, 0
(458.1, 323.2), (473.2, 334.5), -4.0, 1.8, 0
(499.3, 360.7), (497.8, 375.4), -3.4, 4.3, 0
(357.9, 323.8), (371.5, 322.2), 1.3, -1.8, 1
(486.8, 315.0), (504.0, 303.5), -0.6, 3.5, 1
(398.2, 358.9), (395.3, 363.1), -2.6, 2.9, 0
(307.5, 427.4), (299.6, 446.3), 1.6, -1.2, 1
(333.9, 428.3), (318.6, 419.6), -4.5, 2.1, 0
(484.0, 343.6), (466.1, 347.4), -0.7, 1.6, 1
(313.3, 409.6), (325.9, 403.1), 5.0, -3.2, 1
(447.9, 478.7), (428.0, 484.0), -2.2, 2.2, 0
(486.8, 393.3), (488.6, 401.5), -2.2, 0.3, 1
(385.2, 420.9), (385.5, 440.2), 1.0, 4.8, 0
(373.8, 418.2), (379.0, 427.4), -0.7, -1.5, 1
(341.6, 372.8), (341.8, 388.3), 3.5, -3.2, 0
(391.1, 377.9), (376.5, 384.1), -0.9, -4.7, 1
(474.8, 395.3), (481.3, 378.6), 3.6, 1.5, 1
(322.2, 344.5), (341.7, 339.6), 1.5, 4.6, 0
(352.1, 457.5), (352.6, 468.6), -4.0, -4.9, 1
(381.8, 419.9), (388.7, 439.4), 3.0, -4.0, 0
(407.3, 301.5), (403.6, 289.2), 2.2, -3.8, 0
(328.0, 328.6), (313.9, 315.6), -3.4, -4.9, 1
(394.2, 473.3), (395.2, 467.6), 1.1, 1.0, 0
(300.3, 318.5), (309.3, 320.6), -0.5, 3.0, 0
(374.6, 456.4), (382.8, 473.8), -1.5, -4.7, 1
(338.8, 493.4), (356.6, 510.5), -3.4, 1.4, 0
(484.7, 301.5), (501.9, 293.1), 1.4, 4.4, 1
(491.3, 411.3), (472.9, 421.7), 0.2, -4.7, 0
(470.3, 304.7), (462.3, 309.6), 4.1, 2.1, 1
(348.5, 315.4), (341.8, 325.8), 2.9, 0.1, 0
(486.0, 352.5), (484.7, 348.9), -0.5, 2.3, 0
(410.1, 335.1), (415.8, 342.0), 4.3, -2.8, 1
(344.4, 368.9), (363.7, 371.2), 2.1, -4.8, 0
(392.9, 417.0), (377.5, 402.9), -2.8, 1.6, 1
(350.1, 483.5), (339.7, 492.4), 1.0, -4.9, 1
(410.5, 491.6), (427.1, 502.9), 0.9, -1.9, 0
(408.9, 355.7), (412.0, 365.1), 3.3, 1.0, 1
(413.3, 309.8), (405.2, 325.5), 0.2, 3.0, 1
(303.0, 313.3), (284.9, 306.6), -0.4, -2.7, 1
(374.3, 478.7), (357.6, 471.5), -0.6, -4.1, 0
(383.7, 412.0), (375.6, 428.0), -4.4, -1.4, 0
(402.4, 338.9), (411.3, 343.5), -3.4, 1.1, 1
(359.2, 360.3), (370.1, 360.2), 4.1, -1.8, 0
(406.3, 435.1), (395.9, 420.7), -2.5, -2.9, 0
(453.4, 354.8), (451.5, 339.8), -3.9, -1.7, 0
(488.5, 379.7), (472.8, 381.0), -1.8, -2.2, 0
(376.8, 466.8), (379.4, 462.0), -3.4, -3.4, 1
(312.3, 499.3), (300.8, 505.6), 1.2, -1.6, 1
(371.8, 486.2), (385.7, 479.1), 0.4, 3.1, 1
(345.3, 355.9), (361.7, 341.5), -0.6, -3.2, 0
(388.5, 319.8), (380.3, 306.1), -3.6, -3.7, 1
(317.4, 392.8), (334.5, 379.9), -3.8, 1.8, 0
(480.0, 376.5), (468.4, 390.8), 3.3, -1.0, 0
(463.9, 450.3), (482.7, 435.1), -2.7, -3.4, 0
(360.4, 456.0), (373.3, 436.4), -3.5, -0.8, 0
(321.2, 347.9), (311.0, 342.8), -2.7, 1.0, 0
(420.7, 300.4), (426.6, 287.8), 0.8, -1.6, 0
(375.4, 336.8), (369.0, 345.5), 1.8, 2.0, 0
(402.8, 373.7), (421.6, 366.1), 2.3, 0.8, 0
(345.4, 357.1), (356.6, 366.2), 4.8, -3.6, 0
(316.6, 377.0), (321.7, 375.6), 2.8, 2.7, 1
(366.3, 357.9), (375.7, 371.4), -0.6, 2.8, 0
(423.0, 489.0), (417.1, 496.1), 2.0, -4.0, 0
(434.0, 494.8), (431.1, 491.6), -0.7, -4.4, 0
(431.8, 429.6), (442.2, 412.3), -4.7, 0.8, 0
(464.3, 429.6), (463.3, 411.8), 1.6, 3.0, 0
(331.2, 349.2), (338.2, 344.8), 1.3, 1.8, 1
(304.8, 425.8), (303.9, 422.9), -1.6, -3.6, 0
(436.8, 324.6), (431.0, 310.8), 3.7, -1.2, 1
(429.4, 373.5), (418.3, 373.4), -4.2, 3.5, 1
(338.5, 308.0), (356.1, 297.8), 3.3, 2.7, 0
(414.0, 407.6), (430.3, 393.5), -2.6, 2.0, 0
(328.6, 387.5), (332.6, 392.5), 3.5, -1.2, 0
(325.4, 395.7), (343.9, 404.3), -4.0, 1.6, 0
(460.3, 399.4), (454.0, 382.2), 4.9, 4.0, 0
(308.2, 319.7), (299.2, 334.5), 3.1, 3.0, 0
(440.1, 378.6), (427.4, 376.4), 2.9, -2.8, 1
(312.7, 328.9), (300.0, 320.1), 4.4, -2.8, 0
(397.8, 466.9), (404.7, 459.4), 2.5, 1.1, 1
(352.0, 388.3), (343.8, 385.3), -3.4, 3.1, 1
(441.6, 466.1), (422.5, 462.4), -3.6, -4.9, 1
(415.7, 494.1), (412.5, 489.5), 4.3, 3.6, 0
(463.7, 310.8), (460.6, 295.9), -0.5, -0.8, 1
(335.9, 488.9), (345.5, 497.0), 1.1, 0.8, 0
(351.5, 475.5), (366.1, 458.4), 0.8, -2.0, 1
(480.2, 337.2), (491.7, 328.9), -0.1, 0.5, 0
(357.4, 369.0), (357.1, 371.7), 3.6, -3.6, 0
(472.8, 358.3), (479.0, 356.6), -3.0, 1.5, 0
(318.7, 390.6), (325.9, 408.4), 4.9, -3.6, 0
(338.6, 429.0), (353.8, 436.8), 4.3, 2.0, 1
(363.3, 443.6), (359.1, 439.6), 2.3, -4.9, 0
(381.4, 343.9), (367.0, 358.5), 4.8, 0.2, 0
(300.9, 313.5), (286.4, 325.2), -3.5, 3.2, 0
(478.3, 444.0), (479.0, 444.1), -2.3, -1.1, 1
(454.6, 473.9), (442.8, 493.6), -2.9, 3.5, 1
(304.6, 458.0), (291.2, 477.1), 0.4, -0.9, 0
(439.5, 376.2), (453.5, 381.8), -2.5, 4.2, 1
(475.3, 419.9), (456.3, 439.3), 4.2, -2.2, 0
(322.7, 337.6), (313.2, 332.3), 3.7, 4.1, 0
(374.8, 465.0), (393.6, 480.0), -4.2, 4.0, 1
(378.3, 395.0), (389.8, 396.3), 1.9, 2.1, 0
(408.2, 309.8), (426.2, 319.1), 0.8, 2.6, 0
(357.2, 427.6), (339.6, 410.1), -2.6, -1.5, 1
(478.7, 368.0), (486.2, 381.3), -3.1, 1.3, 0
(354.9, 429.1), (354.0, 427.5), -1.5, -4.5, 0
(424.9, 302.4), (441.8, 303.1), -1.8, -2.2, 0
(397.4, 463.1), (399.4, 444.6), 4.6, 1.1, 0
(477.7, 458.1), (484.0, 454.3), 1.1, 1.9, 0
(396.7, 320.6), (380.5, 315.2), 4.3, -0.8, 1
(322.6, 413.8), (321.4, 427.0), -0.6, 0.8, 0
(432.8, 332.0), (415.4, 346.8), 2.2, 3.6, 1
(493.9, 407.3), (488.9, 397.5), 1.4, -4.3, 1
(384.4, 387.9), (370.4, 382.7), -1.4, -2.6, 0
(415.7, 418.7), (426.1, 405.2), -3.4, -1.0, 0
(318.9, 481.1), (326.9, 474.5), -4.6, 1.8, 1
(485.8, 385.6), (485.2, 400.3), -5.0, 3.7, 0
(301.3, 457.7), (294.9, 444.0), 3.3, -3.2, 1
(386.0, 412.0), (391.9, 402.2), -4.3, -1.3, 0
(332.9, 325.2), (333.6, 342.9), -0.7, 4.7, 0
(460.8, 393.4), (448.4, 410.0), 0.4, 0.6, 1
(325.0, 444.4), (305.3, 442.7), 3.3, 0.6, 0
(490.0, 458.7), (488.8, 475.5), 4.5, -3.8, 1
(328.0, 325.7), (337.3, 331.8), 4.2, -3.0, 0
(301.7, 481.5), (287.6, 463.4), -3.6, 3.6, 0
(338.7, 435.0), (338.2, 450.6), 4.6, -1.5, 1
(469.8, 438.3), (467.6, 437.1), 2.6, 3.3, 1
(486.9, 435.6), (490.2, 434.6), -1.2, 2.1, 1
(370.0, 379.8), (380.8, 376.0), -4.6, 1.1, 1
(404.8, 346.9), (396.3, 337.5), -4.8, 2.1, 0
(332.3, 464.8), (323.6, 450.4), 1.7, 1.8, 1
(339.3, 391.8), (327.3, 399.6), -3.7, -4.1, 0
(452.0, 348.8), (457.0, 329.3), -4.8, 1.9, 1
(434.4, 384.3), (444.8, 377.6), 2.9, 0.9, 0
(481.6, 365.8), (491.4, 349.6), -4.3, 2.1, 0
(383.8, 306.1), (365.1, 302.2), 0.6, 2.2, 1
(468.9, 481.9), (472.9, 496.5), 4.2, -3.0, 1
(357.8, 400.1), (346.1, 399.8), -4.1, -3.1, 1
(414.1, 394.4), (397.7, 384.5), -2.6, 4.0, 1
(497.0, 377.5), (488.3, 390.7), 3.1, -4.8, 0
(318.3, 499.0), (318.1, 484.5), 1.6, -0.8, 0
(455.7, 328.4), (451.4, 321.7), 3.6, 0.9, 0
(497.7, 399.6), (482.8, 379.7), 3.1, 1.9, 0
(304.2, 378.2), (286.1, 370.4), 2.5, 2.9, 1
(317.2, 304.8), (327.8, 296.0), 3.2, -0.0, 0
(380.1, 430.3), (389.3, 445.5), 2.0, -3.0, 0
(364.1, 384.2), (370.3, 372.8), 1.0, 2.6, 0
(462.4, 317.9), (444.7, 326.8), 0.9, 0.3, 0
(313.2, 388.7), (297.8, 368.8), 4.4, 3.5, 0
(334.7, 428.7), (352.6, 422.2), 4.5, -4.4, 0
(425.0, 310.1), (434.6, 292.1), -2.4, -2.8, 1
(383.4, 317.7), (394.2, 313.5), 0.3, 1.4, 0
(328.1, 327.4), (333.5, 328.2), -1.5, 4.8, 1
(456.0, 478.8), (475.2, 489.6), 3.5, 3.7, 0
(314.7, 465.6), (334.6, 447.1), -1.5, 0.5, 0
(434.9, 448.3), (415.2, 452.9), -0.0, -3.0, 1
(423.7, 358.0), (409.3, 360.4), 4.9, 2.5, 0
(433.5, 421.3), (432.4, 417.6), 3.6, 1.5, 0
(381.1, 397.2), (380.3, 411.8), 0.1, -0.2, 0
(431.6, 408.5), (450.0, 404.9), -2.6, 0.4, 1
(304.9, 445.7), (300.8, 456.8), 1.4, -0.4, 1
(334.4, 331.8), (331.4, 329.2), 0.1, 1.9, 0
(414.0, 437.6), (411.9, 433.4), 4.5, 4.9, 1
(333.8, 410.1), (339.4, 417.1), 2.1, 4.7, 0
(392.8, 416.2), (382.4, 408.9), 0.4, -3.6, 1
(424.5, 396.1), (410.6, 389.0), 1.0, -0.0, 1
(305.0, 467.7), (321.5, 462.5), 2.4, -4.8, 0
(484.9, 483.7), (502.5, 475.3), 2.7, -3.9, 1
(365.9, 410.3), (353.5, 393.1), 3.2, 0.9, 1
(473.5, 370.2), (457.2, 371.5), -4.2, -3.9, 1
(405.1, 307.9), (420.0, 302.3), -4.6, 2.2, 0
(352.4, 418.9), (357.9, 419.8), -0.5, 3.4, 1
(369.9, 392.6), (351.9, 381.9), -4.8, -3.6, 0
(303.6, 320.3), (318.7, 313.9), -4.9, 1.4, 1
(467.1, 307.2), (458.1, 310.1), 4.7, -1.0, 1
(329.8, 336.2), (318.9, 323.8), 1.0, 3.2, 0
(376.9, 477.3), (357.4, 495.4), 1.4, -4.8, 0
(462.5, 457.1), (478.7, 463.1), -0.8, -2.4, 1
(372.7, 393.9), (384.4, 399.3), 4.9, 2.0, 1
(399.0, 456.4), (382.6, 462.1), -2.2, -1.1, 1
(480.3, 435.7), (496.6, 425.9), 2.2, 0.4, 1
(457.8, 372.4), (450.0, 390.0), -2.8, -1.7, 0
(356.1, 431.1), (372.0, 450.1), 1.6, -0.8, 0
(433.3, 474.5), (433.5, 486.0), 0.6, 3.6, 1
(431.0, 488.9), (436.2, 503.1), 3.3, -2.8, 1
(466.0, 403.5), (455.6, 384.7), 1.6, -0.4, 1
(404.9, 300.9), (405.2, 305.3), -2.6, 2.7, 1
(454.3, 422.0), (443.0, 435.2), -2.5, -2.6, 1
(499.4, 438.1), (514.0, 419.4), -4.8, 2.2, 1
(363.8, 311.9), (383.6, 293.2), -3.3, -2.3, 1
(333.0, 464.5), (315.1, 452.4), -3.3, 4.9, 0
(413.4, 439.4), (411.3, 456.0), -0.1, -3.6, 1
(353.9, 457.7), (347.7, 462.8), 1.9, -2.6, 0
(312.7, 327.5), (315.1, 321.6), -1.5, 1.8, 0
(360.0, 368.7), (366.3, 387.1), -4.1, -2.9, 0
(476.9, 327.9), (475.5, 318.4), 1.8, 1.7, 0
(464.9, 450.1), (469.7, 463.4), -1.7, -4.2, 0
(322.3, 347.8), (316.4, 329.0), 4.9, -3.3, 1
(336.9, 392.1), (327.5, 394.2), 3.4, -1.2, 0
(461.2, 368.8), (468.9, 369.7), -0.0, 0.3, 1
(369.7, 368.4), (352.9, 373.7), -0.7, -4.6, 0
(416.9, 364.8), (400.1, 371.5), 4.2, -1.6, 1
(362.5, 436.9), (370.1, 444.8), 4.2, -0.8, 1
(337.3, 469.0), (333.9, 457.0), -0.6, -1.1, 0
(469.2, 433.6), (482.4, 428.5), -0.8, 2.2, 0
(452.2, 351.5), (436.3, 361.6), -4.7, -2.4, 0
(402.2, 456.7), (399.9, 443.1), 0.9, 4.3, 1
(414.2, 316.8), (427.5, 306.4), 2.9, -2.7, 1
(490.0, 387.2), (489.7, 369.5), -1.6, 2.1, 0
(483.5, 325.0), (490.6, 334.0), -0.6, 1.8, 0
(489.5, 490.5), (478.1, 501.7), 3.3, 0.3, 0
(361.7, 368.8), (379.1, 375.1), 1.5, -4.4, 1
(421.6, 348.5), (413.5, 330.3), 1.8, 0.5, 0
(321.4, 351.1), (320.3, 361.8), -0.6, -0.3, 0
(322.0, 366.2), (325.7, 376.2), 1.3, -3.1, 0
(404.3, 441.4), (410.1, 431.4), 3.8, -1.3, 0
(477.3, 437.1), (491.5, 443.7), 0.9, -0.2, 0
(364.1, 381.6), (371.5, 366.2), 1.7, -0.3, 0
(378.0, 456.5), (371.6, 439.0), -0.5, 3.6, 0
(468.4, 328.3), (472.9, 338.0), 2.3, -0.1, 0
(331.3, 418.7), (321.2, 421.4), -4.2, -1.8, 0
(435.9, 387.0), (435.2, 397.9), -1.4, 0.6, 1
(397.5, 388.4), (389.1, 402.4), 2.4, 3.4, 0
(374.6, 339.3), (364.8, 332.0), -4.9, 4.9, 0
(326.2, 429.2), (335.9, 430.1), 0.6, 0.5, 0
(477.4, 449.0), (469.8, 442.8), -4.4, 0.9, 1
(390.5, 379.3), (380.0, 390.5), -2.3, 1.0, 0
(354.6, 437.0), (353.0, 430.9), 1.3, 0.4, 0
(348.0, 384.8), (348.2, 366.6), 3.9, 3.3, 0
(389.3, 314.3), (404.1, 306.9), -2.6, -2.2, 0
(320.1, 362.1), (306.1, 346.0), 0.4, 0.5, 1
(459.2, 334.8), (470.1, 344.4), 1.9, -4.2, 1
(404.6, 444.7), (410.1, 433.6), 3.4, -2.6, 0
(429.7, 440.3), (449.3, 449.8), 1.0, -0.3, 1
(429.6, 385.7), (417.0, 367.4), -1.5, -4.2, 0
(456.1, 493.3), (472.6, 491.6), -0.7, -2.3, 1
(474.3, 305.5), (480.4, 306.8), 1.1, -4.0, 0
(391.8, 405.8), (375.0, 390.2), 2.8, 2.5, 1
(459.7, 360.8), (450.1, 355.3), 1.1, -3.6, 1
(368.8, 377.9), (353.4, 365.3), -0.7, -4.2, 1
(389.2, 436.9), (373.9, 447.1), 0.0, -0.8, 0
(469.3, 348.1), (463.5, 332.4), 2.4, 2.6, 1
(484.7, 388.1), (473.5, 369.1), -1.4, -2.9, 0
(339.1, 469.2), (340.1, 479.1), 3.2, -4.5, 0
(343.5, 431.1), (352.2, 449.3), 1.7, 4.6, 1
(359.4, 378.2), (354.7, 378.0), -3.0, -2.8, 1
(490.3, 322.1), (502.5, 318.7), -4.0, -2.0, 0
(374.9, 359.1), (364.0, 363.1), 4.9, 2.4, 0
(477.4, 383.1), (476.6, 396.8), -1.1, -1.2, 1
(418.6, 480.5), (435.7, 469.1), 0.5, 2.8, 0
(300.6, 355.7), (289.4, 363.0), 4.2, -2.7, 0
(438.0, 315.8), (431.8, 334.8), 2.5, -3.6, 0
(432.3, 333.5), (449.7, 328.9), 1.0, -2.2, 0
(481.6, 310.0), (491.3, 317.4), 0.8, -4.2, 1
(334.1, 402.7), (325.3, 387.7), -3.1, -4.1, 0
(389.3, 416.7), (408.8, 412.7), -4.5, 3.3, 1
(435.4, 405.2), (444.6, 418.6), 0.2, -2.5, 1
(478.9, 416.3), (476.8, 420.3), -1.8, 4.3, 0
(321.3, 324.8), (312.5, 339.0), 2.9, 4.9, 1
(403.4, 319.0), (408.1, 325.5), 4.9, 3.9, 0
(386.5, 398.5), (391.8, 405.9), 4.6, 2.1, 1
(472.3, 318.9), (468.6, 332.1), -3.3, -0.4, 1
(466.6, 389.7), (453.7, 404.4), -0.9, -0.8, 1
(421.8, 343.6), (438.3, 343.9), -4.1, 3.4, 0
(405.1, 437.9), (408.7, 441.2), 0.9, -1.1, 0
(439.5, 322.8), (427.8, 335.7), -0.0, -0.7, 1
(369.6, 459.1), (377.4, 443.7), -2.8, 4.8, 0
(384.3, 324.1), (397.8, 307.2), 1.1, 0.3, 1
(415.7, 450.9), (397.5, 458.4), 3.3, -2.6, 0
(420.3, 449.9), (415.1, 461.0), 0.0, -1.6, 1
(480.8, 464.1), (470.1, 468.0), 0.9, 2.6, 0
(330.6, 470.1), (350.6, 458.8), 1.3, -3.5, 1
(455.4, 478.4), (439.7, 490.7), -4.3, 1.0, 0
(364.5, 476.1), (347.2, 485.7), 4.8, 4.5, 1
(466.4, 473.5), (482.3, 489.7), -3.9, 2.0, 0
(441.3, 381.2), (422.8, 389.0), -1.0, 0.7, 1
(371.6, 319.5), (359.9, 330.4), -2.5, -2.7, 1
(377.9, 455.2), (382.0, 435.5), 2.7, -0.3, 1
(404.3, 447.4), (415.3, 452.2), 1.5, -0.7, 1
(372.5, 457.7), (374.0, 443.1), -2.2, 2.3, 0
(440.5, 392.2), (446.0, 407.9), -1.7, 4.5, 0
(383.7, 401.6), (366.4, 389.9), 4.6, -0.3, 1
(390.6, 395.6), (376.0, 394.8), -2.7, -2.1, 0
(441.3, 336.1), (426.6, 322.9), -3.3, 3.5, 1
(318.8, 423.3), (334.0, 436.9), -2.7, 3.1, 1
(434.7, 349.1), (444.1, 346.5), -1.9, -4.9, 0
(429.8, 362.0), (420.5, 353.9), 4.7, 3.7, 1
(331.1, 497.0), (312.3, 504.8), -2.6, 3.4, 1
(301.5, 420.2), (299.0, 414.2), 3.9, -4.1, 1
(431.5, 496.0), (428.1, 486.9), 1.1, 0.8, 0
(361.8, 370.3), (366.6, 375.1), -4.4, -3.1, 0
(364.0, 466.2), (349.4, 479.7), 4.9, 1.8, 0
(401.7, 464.9), (397.1, 448.0), 4.0, 2.8, 0
(428.6, 363.7), (421.4, 354.3), 2.5, 0.9, 0
(307.0, 491.4), (296.7, 486.7), -1.2, 0.8, 1
(420.0, 455.1), (422.8, 444.4), 0.4, -4.1, 1
(318.6, 313.1), (331.5, 324.4), -3.1, 1.8, 0
(456.7, 361.1), (447.9, 366.3), -3.5, -5.0, 1
(434.7, 402.5), (422.2, 398.9), -3.0, -2.0, 0
(490.5, 351.5), (489.4, 335.6), 4.6, 0.3, 1
(480.5, 350.9), (462.0, 348.3), 3.1, 3.1, 0
(356.9, 445.5), (343.9, 463.2), 4.4, 0.5, 1
(304.2, 353.8), (297.8, 367.1), 0.8, -1.5, 1
(421.8, 475.8), (438.6, 489.6), 3.7, -2.5, 1
(461.3, 421.0), (479.7, 412.3), -2.9, 1.0, 1
(381.0, 309.0), (379.3, 321.1), 0.2, -5.0, 1
(354.8, 410.1), (372.8, 398.6), -2.3, -2.2, 1
(433.4, 403.3), (430.7, 401.3), 0.4, 0.8, 1
(303.3, 440.2), (301.6, 454.3), 1.4, 3.7, 1
(416.8, 317.0), (407.3, 314.6), -4.2, -4.7, 0
(459.7, 352.1), (477.7, 360.8), 4.5, -4.0, 1
(396.1, 371.7), (393.4, 364.7), 1.5, -4.2, 1
(488.7, 437.2), (484.1, 443.7), -2.4, 3.9, 0
(340.9, 438.9), (359.7, 433.6), 3.9, 4.8, 1
(303.7, 495.3), (320.8, 488.2), 4.1, 1.5, 1
(381.7, 441.5), (393.3, 430.7), -1.6, -4.5, 1
(480.2, 459.1), (477.6, 457.9), 2.0, 0.9, 1
(460.3, 324.9), (478.7, 338.7), -1.7, 4.8, 0
(407.8, 474.3), (427.7, 471.4), -3.3, -1.2, 1
(402.8, 457.9), (408.0, 468.3), -2.5, 1.5, 0
(451.7, 381.4), (454.1, 363.5), -1.1, -1.8, 1
(344.1, 444.0), (327.5, 454.8), 3.5, -3.6, 1
(420.2, 316.8), (432.5, 322.8), -5.0, -2.1, 1
(329.5, 473.6), (337.8, 472.0), 0.2, 2.6, 0
(478.3, 377.5), (474.9, 359.5), -3.1, -0.8, 1
(360.8, 356.3), (366.0, 346.6), 0.1, 1.0, 0
(346.5, 407.4), (353.5, 393.5), -2.8, -0.6, 1
(317.8, 442.8), (327.5, 424.7), 3.8, 3.4, 1
(360.3, 473.3), (358.7, 488.7), -3.3, -0.9, 0
(377.6, 488.6), (375.4, 481.2), -4.6, 1.1, 1
(462.7, 353.0), (462.6, 363.9), -1.3, -2.3, 1
(430.0, 488.2), (443.6, 496.7), -3.6, -1.5, 0
(389.2, 391.9), (379.4, 405.0), -4.7, 2.5, 0
(395.2, 393.1), (397.5, 384.4), -2.3, -3.5, 1
(384.3, 370.9), (376.6, 368.7), -3.0, -4.1, 1
(450.9, 453.3), (456.9, 441.6), 1.2, -4.4, 0
(428.7, 309.3), (442.7, 318.8), 3.0, -1.3, 1
(445.2, 330.0), (455.0, 338.9), -1.6, 0.3, 1
(430.9, 384.5), (420.8, 402.7), 4.1, 3.6, 0
(488.3, 386.0), (469.6, 393.3), 4.2, 2.6, 0
(352.0, 305.8), (372.0, 315.3), -4.3, 2.4, 1
(417.0, 450.7), (411.4, 447.5), -4.2, 1.9, 1
(466.7, 498.7), (450.2, 482.8), 3.9, 0.0, 1
(457.5, 355.3), (454.6, 347.8), -1.9, -0.5, 0
(402.1, 452.8), (398.5, 452.3), -5.0, 2.2, 1
(380.0, 430.2), (391.3, 425.5), 3.9, 2.1, 0
(448.1, 442.4), (442.8, 436.1), 1.0, -1.3, 0
(355.2, 332.8), (344.6, 322.1), 2.3, 0.7, 0
(399.3, 481.7), (413.5, 474.3), 3.4, 1.8, 1
(334.9, 331.1), (325.1, 325.3), -2.8, -4.1, 1
(375.2, 361.7), (367.5, 376.4), -2.9, 0.9, 0
(350.7, 446.6), (350.7, 433.4), -0.4, 3.6, 0
(300.5, 365.5), (291.0, 349.6), 4.3, 2.5, 0
(483.3, 345.2), (483.4, 351.0), 3.4, 4.9, 1
(382.7, 485.1), (397.3, 484.3), -4.0, -4.1, 0
(483.7, 315.3), (490.7, 295.6), -1.4, -1.3, 1
(480.1, 494.1), (491.0, 495.5), -4.2, -2.9, 1
(427.5, 438.8), (427.1, 442.8), -1.6, 1.2, 0
(461.8, 404.5), (470.0, 411.6), 4.7, 4.2, 1
(366.1, 461.5), (379.6, 480.5), -3.9, -0.4, 0
(343.0, 341.1), (357.2, 344.6), -1.9, 2.6, 0
(409.5, 443.3), (391.2, 425.5), -3.0, 0.3, 1
(473.2, 337.8), (458.3, 342.1), 3.2, -1.9, 0
(320.6, 421.7), (315.4, 420.2), 3.4, 4.8, 0
(468.1, 447.1), (452.1, 429.6), -1.9, -0.3, 0
(359.0, 498.0), (350.9, 494.1), -3.0, -4.2, 1
(372.5, 469.8), (390.6, 462.6), -4.6, -4.4, 1
(359.4, 390.0), (360.7, 396.8), -4.0, -4.5, 1
(372.1, 409.8), (378.7, 402.3), -0.4, 2.4, 1
(347.5, 460.0), (340.5, 475.5), -3.8, 0.6, 0
(419.5, 319.7), (415.8, 324.2), 4.0, -2.3, 0
(311.0, 361.4), (294.3, 366.1), 2.3, -4.0, 1
(494.3, 483.5), (504.3, 502.8), -1.2, 1.2, 0
(311.8, 450.8), (325.4, 458.8), 0.3, -3.7, 1
(326.8, 448.0), (323.0, 433.7), 3.2, 4.3, 0
(437.4, 426.6), (437.4, 443.7), -1.0, 1.5, 1
(467.1, 413.7), (462.4, 399.5), 0.3, 1.3, 1
(414.6, 486.5), (398.0, 466.6), -1.5, -2.7, 1
(398.5, 452.0), (400.5, 450.2), 2.0, -3.4, 0
(309.3, 429.1), (307.9, 442.9), 0.6, 1.2, 0
(350.8, 338.3), (349.3, 323.2), 1.1, -4.1, 1
(337.3, 443.4), (319.0, 450.5), 0.1, 4.3, 0
(441.3, 329.5), (446.6, 330.1), -4.8, -1.2, 1
(410.5, 334.7), (427.9, 322.0), -4.9, 2.8, 1
(477.3, 352.7), (495.5, 348.7), 4.8, 4.7, 0
(443.6, 304.7), (458.4, 310.0), 4.7, 0.8, 1
(387.1, 492.6), (377.5, 474.0), 4.0, -1.7, 1
(386.3, 326.9), (386.9, 326.6), 0.1, 0.1, 1
(369.5, 439.5), (386.0, 444.0), 3.3, -4.3, 1
(431.8, 310.5), (437.7, 325.9), -3.6, 0.9, 0
(498.5, 459.9), (513.2, 462.1), -4.9, -2.2, 1
(433.1, 389.4), (448.4, 399.6), 1.2, -2.9, 0
(341.5, 324.3), (350.3, 314.5), 4.9, 0.9, 1
(446.0, 412.0), (464.0, 414.8), -1.9, 0.9, 0
(351.9, 461.8), (361.2, 480.1), -2.7, -0.6, 0
(417.7, 476.5), (436.0, 472.9), -2.8, -4.4, 1
(445.7, 325.2), (454.9, 325.0), 3.1, -2.4, 1
(462.9, 405.7), (473.7, 419.1), -1.7, 1.9, 0
(418.6, 333.4), (429.6, 350.9), 0.3, -3.1, 0
(405.1, 332.9), (406.6, 313.0), 2.6, 0.3, 0
(349.1, 341.9), (346.6, 342.3), -1.6, 0.4, 1
(436.3, 466.4), (435.7, 462.7), -0.0, -4.8, 1
(355.7, 460.3), (344.5, 479.3), 2.3, 0.7, 1
(366.9, 315.9), (361.2, 303.9), 4.4, -1.8, 1
(436.7, 441.8), (440.7, 428.2), 0.0, 1.2, 1
(407.5, 391.5), (398.5, 410.1), -4.4, 1.4, 1
(436.8, 496.6), (423.0, 494.3), 2.6, 3.4, 0
(458.0, 423.8), (455.0, 417.1), -2.3, -0.9, 1
(314.4, 371.6), (320.0, 364.1), -3.9, -1.0, 1
(347.5, 444.5), (364.1, 426.5), 4.6, -1.5, 0
(312.2, 322.1), (323.6, 335.5), -4.1, 2.4, 1
(430.4, 331.0), (447.3, 316.8), 0.2, 2.6, 0
(361.1, 432.6), (347.8, 427.8), 0.5, 0.7, 1
(387.2, 438.8), (405.4, 451.0), 3.7, 4.7, 1
(301.6, 340.8), (318.0, 342.9), -4.3, 3.5, 0
(387.7, 348.4), (399.5, 349.5), -1.0, 2.5, 0
(485.7, 365.3), (476.6, 380.5), -1.5, 0.9, 1
(308.2, 478.1), (307.6, 468.8), 2.5, 4.9, 0
(399.2, 309.6), (392.5, 297.9), 4.3, 3.5, 1
(424.8, 312.6), (428.8, 298.7), 0.3, 4.8, 1
(388.9, 425.3), (396.2, 437.4), -1.4, -4.6, 0
(475.9, 489.9), (494.7, 498.8), 3.5, 1.5, 0
(411.4, 472.2), (418.4, 470.3), 3.7, 0.5, 0
(482.8, 377.3), (479.5, 366.0), 1.1, -1.0, 1
(357.7, 379.1), (355.5, 383.5), 3.3, 3.3, 1
(316.4, 456.3), (318.9, 459.0), -4.0, 0.0, 1
(396.7, 374.1), (382.8, 381.2), -2.2, -4.0, 1
(420.8, 333.0), (409.0, 317.1), 4.2, 1.2, 0
(404.0, 434.6), (393.8, 445.8), -1.6, 0.7, 1
(388.0, 386.9), (383.2, 379.6), 4.0, -0.2, 1
(365.2, 445.1), (355.8, 456.8), -2.9, 3.4, 0
(496.8, 386.4), (495.6, 386.1), -1.6, -0.9, 0
(490.1, 445.2), (503.4, 435.8), 1.1, 4.0, 1
(381.0, 489.9), (370.6, 504.5), -1.5, -1.4, 1
(393.3, 498.8), (399.9, 483.2), 4.5, 1.4, 1
(391.0, 345.7), (382.5, 364.2), -2.6, -4.3, 1
(438.8, 396.8), (425.8, 414.5), -0.3, 0.0, 1
(350.9, 344.7), (341.7, 363.3), 1.3, -1.9, 1
(406.8, 475.1), (401.8, 463.7), 1.7, -3.5, 0
(407.3, 493.3), (401.3, 474.1), 2.8, 2.5, 1
(397.2, 419.6), (410.5, 414.0), 0.0, 1.5, 1
(308.9, 457.5), (325.3, 468.4), -2.4, 1.4, 0
(382.1, 347.7), (391.8, 353.9), 4.6, -2.0, 0
(360.1, 393.0), (350.2, 405.3), 5.0, -0.6, 0
(350.9, 495.8), (357.7, 495.4), 3.1, 3.2, 0
(494.8, 324.9), (488.8, 317.7), -1.6, -4.6, 0
(399.9, 356.7), (408.4, 352.8), -3.8, -4.7, 1
(320.2, 315.6), (314.1, 322.7), 1.6, -4.6, 0
(387.7, 307.1), (383.0, 310.0), 1.5, 0.7, 1
(408.6, 440.1), (395.7, 441.3), -1.9, -4.0, 0
(322.0, 459.6), (325.1, 470.8), 1.6, 2.7, 1
(389.0, 435.4), (383.2, 423.3), -0.7, 5.0, 1
(475.8, 459.1), (484.0, 462.9), -4.5, -4.4, 0
(326.6, 407.7), (317.4, 391.1), -2.9, 3.0, 0
(450.7, 422.4), (433.6, 410.0), 1.0, 4.1, 1
(333.0, 427.1), (352.0, 416.1), -0.9, 1.7, 0
(362.7, 442.5), (371.8, 439.0), 2.7, 3.8, 1
(404.0, 304.5), (412.2, 318.6), 3.9, -4.9, 0
(482.8, 434.7), (472.0, 429.3), 1.3, 3.4, 0
(378.0, 305.0), (364.9, 319.0), -3.2, 4.9, 1
(347.5, 445.9), (359.8, 463.7), 2.1, 3.0, 0
(477.3, 472.8), (478.2, 470.0), 0.8, -4.1, 0
(434.4, 491.4), (446.3, 478.0), -2.4, 1.6, 1
(473.3, 461.0), (456.7, 445.3), -0.1, 1.4, 0
(468.6, 462.0), (483.2, 457.8), 2.6, -1.8, 1
(425.8, 354.6), (442.4, 362.6), -3.2, 1.9, 1
(356.0, 484.9), (340.4, 468.8), 2.7, 0.3, 1
(317.1, 376.4), (315.1, 376.9), -4.8, -1.6, 0
(341.2, 465.1), (347.0, 449.1), 0.9, -0.6, 1
(402.6, 456.1), (404.1, 472.0), 3.6, 4.4, 1
(376.4, 326.9), (357.5, 309.9), 1.6, -2.6, 0
(364.7, 495.0), (380.7, 479.4), -0.6, 0.4, 1
(302.3, 300.3), (301.6, 311.4), 4.2, -0.3, 1
(309.2, 414.6), (328.9, 421.1), -0.2, -3.9, 0
(455.1, 375.4), (464.7, 370.4), -0.2, 1.5, 0
(427.3, 337.1), (411.1, 323.0), -2.2, 0.2, 1
(412.2, 431.4), (396.3, 427.0), 0.7, -4.6, 0
(377.4, 359.5), (370.6, 355.5), 1.1, -0.3, 0
(417.8, 316.7), (399.2, 325.4), 1.8, -2.7, 0
(377.4, 482.3), (389.2, 485.1), 4.7, 2.2, 1
(429.0, 345.9), (414.3, 358.5), 5.0, 2.1, 1
(436.5, 324.7), (419.3, 339.2), 0.6, -4.0, 1
(498.7, 328.4), (494.3, 346.6), -0.4, -3.2, 1
(484.5, 313.4), (474.4, 329.5), 2.3, 2.8, 1
(490.5, 380.3), (470.7, 367.3), -0.8, 2.3, 0
(410.1, 402.0), (404.8, 393.1), -4.9, 3.6, 0
(339.8, 498.7), (341.6, 509.0), 3.3, -3.1, 0
(300.9, 372.4), (290.4, 384.6), 3.5, -0.2, 1
(483.7, 375.5), (472.4, 383.1), -1.5, -4.7, 0
(446.9, 360.9), (463.2, 371.5), -3.5, 0.4, 0
(317.4, 366.1), (317.9, 371.5), 2.1, 0.7, 0
(486.3, 367.8), (496.7, 371.9), -4.0, 4.3, 0
(471.4, 439.9), (459.1, 433.7), 0.0, 4.1, 1
(314.7, 350.7), (332.1, 346.0), -1.7, 4.6, 1
(408.2, 346.4), (413.6, 348.6), -1.8, -2.6, 1
(411.7, 323.1), (414.0, 333.6), -1.0, -0.4, 1
(471.5, 301.9), (462.7, 294.3), 4.4, 1.6, 1
(435.3, 433.7), (424.6, 416.9), 2.6, 2.6, 0
(345.5, 335.4), (348.7, 332.2), 3.3, 2.3, 1
(482.5, 496.7), (498.3, 487.3), 3.7, -3.8, 0
(360.4, 356.2), (361.8, 337.9), -2.0, 3.7, 1
(445.1, 343.4), (429.8, 327.2), -1.6, -4.8, 1
(469.0, 332.4), (451.1, 336.2), 3.5, 3.9, 1
(463.5, 443.6), (455.5, 442.7), 3.3, -3.9, 0
(396.8, 498.6), (395.7, 490.9), -0.5, -2.1, 1
(383.7, 392.3), (384.1, 403.9), -3.5, -1.1, 0
(359.2, 367.6), (376.9, 374.8), 2.6, 0.8, 1
(491.3, 376.0), (505.7, 385.7), -4.9, -0.7, 0
(484.4, 490.8), (493.1, 487.1), -2.8, -3.7, 1
(456.4, 395.3), (461.3, 409.8), 3.8, 3.9, 1
(419.2, 393.7), (429.5, 381.9), 0.7, 3.3, 0
(375.2, 399.4), (378.8, 414.6), 3.1, 4.2, 0
(434.0, 317.1), (451.9, 327.5), 4.9, -3.8, 1
(334.5, 432.1), (315.8, 433.7), 4.0, 4.2, 1
(340.3, 346.4), (347.7, 357.4), -4.5, -3.6, 0
(350.4, 375.8), (361.9, 388.4), 3.9, 3.3, 1
(413.2, 494.9), (421.5, 502.1), -5.0, 1.1, 0
(338.1, 387.5), (353.3, 380.5), -3.6, -1.9, 0
(401.2, 348.5), (409.8, 330.4), 2.9, 3.6, 1
(350.8, 477.2), (353.0, 468.6), -0.2, 4.5, 0
(321.3, 492.4), (326.6, 503.0), 0.2, -4.9, 0
(372.4, 492.6), (388.6, 493.8), -4.9, -2.5, 1
(382.0, 498.7), (400.9, 493.3), 3.0, -0.2, 1
(410.1, 427.5), (408.0, 423.4), 1.8, -4.6, 0
(333.8, 349.8), (316.8, 349.0), 4.0, -4.1, 1
(412.0, 492.9), (428.9, 510.9), 2.8, 1.6, 1
(413.2, 455.3), (399.6, 470.8), -0.0, 3.3, 0
(350.3, 331.5), (342.7, 326.0), -0.9, 0.8, 0
(394.8, 433.3), (390.5, 425.3), -0.7, -2.7, 0
(408.4, 401.3), (407.2, 382.1), -4.2, -4.6, 1
(362.4, 437.0), (348.4, 417.8), 1.8, 2.3, 0
(316.5, 477.5), (310.9, 472.2), -2.3, -1.0, 1
(423.9, 431.7), (431.7, 413.9), 3.9, -0.9, 0
(474.9, 363.9), (484.5, 375.1), -1.4, -0.9, 1
(350.6, 334.2), (332.6, 348.9), -1.0, -0.2, 1
(358.5, 408.6), (376.0, 396.1), -4.9, 4.7, 1
(328.4, 347.6), (330.6, 343.5), 2.1, -4.9, 0
(459.1, 472.9), (452.5, 492.0), -3.5, -3.7, 1
(315.1, 448.3), (316.4, 448.3), -4.0, 1.3, 0
(319.1, 308.9), (303.4, 306.1), 1.1, 3.5, 1
(433.9, 305.5), (419.0, 288.5), -3.7, -3.8, 0
(409.9, 444.2), (395.0, 433.2), -3.5, 0.7, 0
(466.3, 415.1), (480.3, 425.2), 0.9, 0.1, 0
(368.7, 492.9), (374.0, 487.8), -1.8, -3.8, 1
(468.5, 460.4), (474.3, 443.7), 1.0, 4.7, 1
(366.8, 487.3), (359.0, 501.6), 4.9, 4.6, 0
(359.8, 462.1), (372.9, 465.5), -3.4, -3.7, 0
(403.4, 409.1), (411.2, 396.2), 1.5, 4.5, 1
(445.5, 347.1), (462.5, 344.5), 2.9, -0.2, 1
(359.4, 427.1), (347.3, 442.4), 3.6, 1.2, 1
(403.8, 333.0), (422.8, 328.0), -0.2, -1.6, 1
(450.5, 470.3), (439.4, 471.0), 1.8, -4.6, 0
(422.7, 414.3), (433.2, 403.3), 4.3, 1.5, 1
(325.1, 394.2), (339.6, 412.6), 1.3, 2.2, 1
(301.9, 313.2), (309.9, 312.5), -0.2, -3.7, 0
(381.1, 438.9), (399.9, 452.2), -3.7, -2.4, 0
(484.6, 344.2), (495.8, 333.4), 1.0, -4.2, 1
(484.6, 425.9), (466.9, 409.9), -1.7, -0.3, 0
(488.8, 322.7), (487.2, 335.5), -1.0, 4.1, 1
(398.3, 473.3), (395.1, 492.0), -4.9, -4.9, 0
(404.3, 325.2), (408.8, 314.1), 4.8, 1.1, 1
(389.7, 361.2), (376.0, 362.8), -2.6, 2.9, 1
(423.3, 436.9), (439.8, 436.1), -0.2, 4.3, 1
(349.8, 419.0), (361.4, 405.7), 2.7, -3.4, 1
(393.0, 455.9), (389.1, 436.3), 2.2, -3.6, 0
(414.9, 440.6), (420.4, 437.9), 3.4, -0.9, 1
(360.2, 390.3), (359.8, 404.0), 2.1, -1.8, 0
(442.9, 356.8), (448.5, 341.8), 1.2, 1.0, 0
(446.9, 388.6), (441.5, 403.1), 4.5, -2.8, 0
(361.2, 346.2), (364.1, 349.7), -2.2, 3.5, 0
(458.2, 437.8), (445.2, 436.5), 1.9, -1.7, 0
(349.6, 459.6), (350.1, 475.3), -2.5, 4.3, 0
(355.4, 349.7), (371.4, 356.9), -4.5, 4.9, 1
(362.0, 469.0), (348.1, 479.4), 4.3, -4.8, 1
(338.2, 463.8), (324.5, 453.5), -1.5, -1.8, 0
(380.0, 325.1), (392.8, 318.2), 3.2, -0.1, 0
(373.1, 371.3), (374.5, 371.2), 3.0, 4.6, 1
(426.8, 439.7), (417.7, 425.7), 1.5, 1.9, 1
(489.3, 378.7), (472.1, 382.4), -3.4, 3.1, 0
(326.3, 346.5), (338.4, 327.9), -0.1, 0.2, 0
(468.9, 464.5), (478.2, 479.9), 4.0, -1.5, 0
(445.8, 362.0), (464.3, 379.3), 4.7, 1.2, 1
(322.0, 438.4), (336.3, 431.0), -0.0, -3.8, 1
(386.4, 346.1), (404.8, 351.4), -3.7, -2.2, 0
(303.5, 456.8), (288.3, 453.2), 3.5, -4.3, 1
(478.4, 443.2), (467.9, 428.5), 3.7, -5.0, 1
(487.9, 362.5), (479.5, 344.7), 1.1, 1.6, 1
(433.5, 384.0), (431.3, 399.1), -1.9, 1.9, 1
(304.8, 486.7), (286.5, 497.3), -4.6, -4.6, 1
(453.1, 383.5), (436.9, 365.5), -2.8, -3.5, 0
(407.6, 341.4), (398.8, 360.4), -1.1, -3.9, 0
(411.0, 322.8), (429.6, 321.7), 0.4, -1.5, 1
(486.5, 486.2), (468.3, 480.2), -4.6, 0.9, 1
(498.7, 451.7), (500.1, 438.2), -0.2, 0.2, 0
(395.8, 331.2), (395.4, 344.2), 2.2, 4.8, 0
(434.6, 488.7), (426.3, 474.9), -3.1, -2.9, 1
(356.5, 393.2), (345.5, 402.2), 2.8, 4.6, 0
(309.9, 380.1), (307.7, 395.4), 2.6, 0.8, 1
(320.6, 351.1), (339.7, 355.4), -3.0, -0.4, 0
(352.0, 396.2), (354.6, 413.9), -1.2, 0.2, 1
(389.9, 313.7), (392.3, 324.2), 3.9, -4.2, 1
(370.9, 309.1), (377.6, 320.9), 3.2, -2.9, 1
(349.8, 450.1), (349.9, 466.7), 1.6, -2.9, 0
(303.3, 306.5), (297.2, 319.9), -1.5, -1.7, 0
(348.0, 393.9), (347.1, 405.7), -4.8, -3.0, 1
(399.0, 411.4), (383.4, 422.8), 3.4, -3.9, 1
(409.5, 434.7), (390.0, 418.8), -2.4, -4.4, 1
(491.1, 358.0), (483.9, 364.3), 5.0, -2.0, 0
(401.5, 448.9), (382.9, 451.4), 4.2, 3.4, 1
(380.3, 391.6), (381.1, 390.8), -1.9, -4.0, 0
(302.6, 459.7), (313.5, 449.6), -2.8, 1.7, 0
(306.0, 315.9), (294.9, 302.2), -1.9, 4.4, 0
(398.3, 494.7), (389.5, 492.2), 0.7, 4.6, 1
(362.8, 354.3), (373.0, 340.4), 1.2, 1.9, 1
(320.0, 421.1), (315.1, 406.9), -3.4, 2.8, 1
(311.1, 333.2), (301.1, 318.4), 4.0, -2.1, 1
(376.4, 393.6), (390.6, 412.6), -4.0, -1.4, 1
(403.7, 447.3), (416.8, 431.4), 0.2, 1.3, 0
(367.4, 382.6), (364.6, 390.9), 3.0, 3.5, 0
(415.8, 397.6), (418.0, 408.4), -0.1, 1.1, 1
(459.9, 383.3), (453.0, 382.2), 1.1, 3.3, 1
(360.5, 331.1), (346.3, 343.0), -2.4, 0.6, 1
(407.3, 467.3), (395.0, 450.1), 3.7, -2.7, 0
(360.0, 308.3), (377.8, 321.8), 3.7, 4.1, 0
(439.1, 376.1), (434.3, 379.5), -3.8, -2.4, 0
(420.9, 349.7), (423.8, 330.0), -4.1, -2.4, 0
(474.7, 413.6), (484.4, 426.8), 3.1, 3.0, 0
(446.7, 469.4), (441.9, 475.7), 1.0, 3.9, 1
(381.8, 410.4), (392.9, 402.0), 4.7, -2.8, 0
(356.2, 339.6), (339.0, 323.7), 4.4, 5.0, 0
(362.4, 489.8), (356.1, 473.2), 2.0, -3.4, 0
(389.0, 417.4), (369.1, 409.9), -4.6, -1.4, 0
(414.5, 355.0), (396.4, 375.0), -1.1, -4.0, 1
(405.3, 313.8), (393.2, 304.3), 3.1, 2.6, 1
(354.4, 394.8), (372.2, 380.9), -1.7, 4.8, 1
(458.1, 391.0), (448.8, 379.9), 3.6, 4.4, 1
(351.7, 425.5), (356.2, 444.3), -0.5, 1.0, 0
(349.4, 321.3), (338.5, 331.2), 5.0, -2.1, 0
(463.2, 380.9), (455.2, 361.1), -1.1, -2.8, 1
(451.8, 390.2), (441.2, 372.8), 1.5, -4.5, 1
(485.1, 379.3), (468.6, 392.8), -4.2, 5.0, 1
(428.8, 359.1), (440.3, 345.7), -2.7, -4.6, 1
(304.3, 356.2), (295.9, 357.0), -0.4, -2.0, 1
(455.0, 427.2), (467.6, 430.9), 0.1, 0.2, 1
(302.4, 429.9), (298.6, 414.2), 4.9, 4.2, 1
(459.6, 300.8), (442.5, 300.2), 4.6, 3.6, 1
(362.6, 481.5), (366.5, 493.8), 3.2, 4.3, 1
(405.6, 322.1), (421.0, 319.8), 0.7, 2.6, 0
(498.5, 355.6), (479.5, 372.5), -2.3, -2.1, 1
(366.8, 418.4), (364.7, 407.5), -2.7, 1.6, 1
(432.7, 446.1), (452.1, 463.1), -1.3, -3.4, 0
(396.0, 435.9), (408.8, 445.0), -1.4, 4.1, 0
(362.2, 438.9), (365.7, 426.2), 1.3, 4.8, 0
(443.9, 443.5), (462.2, 448.1), 1.5, -0.4, 0
(498.9, 343.3), (501.6, 335.4), -0.7, 4.1, 1
(401.3, 443.5), (387.4, 460.3), 2.9, 3.1, 1
(469.2, 375.2), (462.3, 381.7), 3.4, -3.5, 1
(431.8, 377.6), (429.9, 361.3), 2.0, 4.9, 0
(354.7, 340.2), (339.7, 350.8), 4.2, -1.1, 0
(386.1, 373.1), (388.5, 357.1), 3.7, 3.2, 1
(421.5, 323.7), (430.2, 319.2), -1.6, -1.1, 0
(486.9, 374.2), (477.4, 366.3), -2.9, 0.9, 1
(303.1, 487.7), (309.6, 492.9), -1.7, -0.1, 0
(419.9, 347.5), (426.3, 346.5), 3.4, -4.0, 1
(379.5, 449.5), (398.1, 444.0), -3.7, 3.3, 0
(365.9, 424.2), (352.8, 443.6), -4.9, 1.7, 0
(433.4, 450.0), (416.8, 443.0), -4.3, -4.3, 1
(338.5, 351.6), (328.6, 362.4), 1.2, 0.1, 0
(489.5, 471.1), (469.6, 478.0), 0.6, -3.6, 0
(406.2, 360.6), (425.0, 373.9), 1.2, 2.6, 1
(395.6, 339.3), (412.9, 322.3), -2.4, -2.4, 0
(398.8, 477.8), (417.9, 495.7), -2.5, 4.9, 1
(493.9, 444.9), (476.7, 430.5), 4.9, 2.7, 0
(475.8, 304.2), (464.3, 287.5), 2.3, -1.0, 1
(324.3, 376.9), (329.8, 382.0), 2.2, 3.3, 0
(337.9, 352.4), (322.6, 357.5), 1.1, -0.8, 0
(363.4, 425.1), (367.0, 421.7), -0.4, -2.3, 0
(329.5, 456.3), (336.1, 464.8), 2.3, 1.6, 1
(328.0, 479.9), (313.9, 495.4), 3.1, 3.1, 0
(335.0, 477.6), (324.6, 480.9), 1.1, 1.2, 1
(469.1, 333.1), (456.6, 320.5), 1.1, 2.6, 1
(360.3, 404.0), (370.7, 394.0), 4.2, 1.3, 1
(401.5, 474.4), (416.8, 457.4), 2.8, -2.8, 0
(385.2, 304.9), (393.5, 285.8), 0.6, -0.2, 1
(363.5, 369.5), (370.4, 380.8), -4.4, 1.4, 1
(439.7, 333.4), (439.0, 332.5), 1.1, -3.3, 1
(415.4, 437.6), (396.1, 446.8), 4.5, 4.5, 1
(333.7, 382.5), (349.1, 401.2), -1.0, -4.8, 0
(338.1, 401.7), (321.0, 413.6), -3.2, -1.8, 1
(393.7, 345.5), (391.9, 362.2), 0.7, 1.0, 1
(495.3, 470.5), (488.0, 464.4), 0.6, 1.4, 0
(351.0, 390.3), (358.3, 373.2), -0.2, -2.8, 1
(492.6, 391.2), (481.4, 392.3), -3.5, -1.4, 1
(472.6, 320.8), (459.0, 338.7), -2.1, 3.5, 0
(341.6, 459.3), (343.3, 453.8), 4.6, -4.7, 0
(415.6, 333.2), (405.7, 338.7), -3.6, -0.3, 0
(459.9, 307.9), (458.7, 316.5), 0.2, -4.2, 1
(345.9, 385.4), (340.0, 402.1), 0.4, -3.5, 0
(394.4, 301.3), (399.1, 315.1), 0.5, -3.6, 1
(350.7, 434.7), (348.2, 443.3), -0.1, 2.0, 0
(425.8, 365.2), (412.1, 374.5), -1.7, -1.7, 0
(303.7, 372.7), (286.9, 373.2), 1.2, 1.9, 1
(442.0, 325.8), (457.1, 314.1), -4.5, -2.9, 0
(499.2, 326.9), (488.8, 308.5), 2.5, 0.3, 0
(441.1, 338.1), (431.9, 323.8), 3.2, -2.3, 1
(366.2, 340.9), (350.8, 338.3), 0.7, 3.5, 0
(472.9, 322.4), (469.5, 318.2), -3.8, 3.4, 1
(422.4, 467.2), (421.3, 474.3), -4.9, -2.9, 0
(350.8, 355.7), (341.0, 373.4), -1.1, -0.6, 1
(416.1, 300.9), (423.5, 292.4), 2.9, -1.7, 0
(320.0, 445.8), (303.8, 442.1), -3.6, 4.5, 0
(403.1, 417.3), (395.0, 402.0), -4.9, 3.2, 1
(423.1, 495.6), (419.7, 504.9), 2.7, -3.8, 0
(441.7, 374.5), (449.6, 382.3), -3.7, 2.9, 0
(364.9, 467.5), (352.6, 465.7), -0.5, -2.0, 1
(484.2, 448.0), (502.4, 462.1), -1.9, 5.0, 0
(487.7, 449.2), (494.7, 453.1), -4.5, -3.9, 0
(482.9, 455.3), (495.6, 448.0), 1.9, 3.3, 1
(389.1, 408.7), (390.6, 404.7), -2.8, 4.8, 1
(406.3, 303.7), (395.8, 293.9), 4.6, 3.0, 0
(441.3, 418.6), (426.0, 420.3), -4.3, 3.9, 1
(465.4, 326.2), (469.7, 342.0), -1.3, 2.0, 1
(432.2, 372.9), (447.3, 354.7), 2.4, -1.5, 1
(388.6, 389.0), (392.6, 408.3), -4.1, 1.8, 1
(497.9, 459.5), (486.8, 467.8), 2.6, -0.3, 0
(388.4, 350.0), (399.1, 357.3), -4.1, -1.1, 1
(493.6, 414.1), (510.1, 395.6), 2.6, 3.8, 0
(336.3, 455.3), (324.4, 463.7), 1.0, -1.2, 0
(483.1, 339.2), (481.4, 346.4), -4.3, 1.7, 0
(301.4, 497.7), (301.2, 493.3), -3.9, -3.8, 0
(446.1, 414.4), (456.3, 413.6), 3.8, 3.5, 0
(393.3, 426.7), (410.5, 434.5), 4.4, 4.1, 0
(342.2, 435.4), (352.2, 450.6), 1.8, 3.8, 0
(402.7, 446.8), (421.2, 449.2), 1.1, -1.0, 0
(409.2, 453.4), (420.3, 472.2), -0.3, 2.0, 0
(442.4, 479.3), (422.7, 459.5), -2.6, 0.9, 1
(456.4, 362.5), (463.7, 368.2), -2.5, 3.0, 1
(322.1, 492.6), (320.1, 495.9), 3.3, 2.4, 0
(377.1, 454.2), (370.9, 460.4), -2.0, -0.5, 1
(498.7, 321.8), (494.3, 339.3), 2.3, -2.5, 0
(484.2, 403.1), (502.4, 408.6), 3.6, 2.4, 1
(462.5, 440.8), (465.4, 438.0), 0.1, -1.9, 0
(484.4, 399.4), (481.1, 418.8), 0.5, -1.2, 1
(499.2, 343.6), (491.5, 325.2), 3.4, 1.9, 0
(499.2, 430.4), (483.1, 437.9), -0.3, 4.6, 0
(476.0, 437.2), (490.4, 429.9), -4.7, 1.3, 1
(401.6, 343.6), (404.9, 329.5), -3.0, 2.1, 1
(356.5, 347.3), (344.1, 350.5), 1.0, -3.7, 1
(436.4, 308.6), (423.9, 292.1), 5.0, -3.6, 1
(363.0, 331.7), (352.5, 339.5), 2.1, 3.1, 1
(424.6, 331.2), (428.4, 313.3), -3.6, -3.7, 1
(396.4, 315.0), (393.4, 319.5), 3.9, 0.9, 1
(362.8, 368.9), (360.9, 388.5), 4.1, -3.5, 0
(382.2, 394.1), (365.2, 390.8), -1.9, 4.4, 1
(412.7, 459.9), (424.7, 444.3), -3.4, 0.5, 0
(485.4, 419.4), (503.7, 405.3), 1.8, 2.6, 0
(468.5, 365.0), (466.1, 361.2), 4.1, -3.3, 0
(481.3, 408.2), (470.7, 416.6), -4.7, -1.1, 1
(383.8, 439.0), (373.8, 419.2), -2.4, -1.3, 1
(416.1, 310.2), (434.9, 298.7), -1.7, -4.9, 1
(397.5, 407.8), (409.5, 400.3), 2.9, -2.7, 0
(397.6, 471.6), (385.3, 480.5), -4.4, 1.8, 1
(307.1, 403.9), (314.8, 416.9), -1.0, -1.2, 0
(489.6, 384.8), (506.8, 365.5), 4.5, -3.2, 0
(412.8, 374.9), (406.3, 355.8), -4.0, 2.7, 0
(386.3, 487.7), (384.8, 504.4), -4.3, -1.6, 0
(334.5, 311.2), (337.9, 299.5), -1.9, -4.7, 1
(419.8, 478.8), (436.3, 474.1), 2.3, 0.5, 0
(437.2, 451.0), (449.9, 454.5), 1.4, 3.4, 0
(415.6, 375.6), (421.6, 361.5), -5.0, -1.6, 0
(396.1, 331.9), (412.9, 313.6), -4.4, 0.6, 0
(402.2, 430.5), (400.0, 421.7), -0.5, -4.5, 1
(424.1, 364.8), (433.5, 366.2), -0.6, -3.3, 0
(312.4, 338.7), (298.8, 345.1), 3.3, 2.5, 0
(492.0, 496.2), (478.7, 515.2), 0.5, 4.0, 1
(383.2, 383.8), (383.3, 376.8), 2.4, -2.3, 1
(302.6, 413.6), (315.4, 426.5), 1.5, 3.9, 1
(388.0, 439.0), (378.3, 451.6), -1.6, -1.4, 0
(390.6, 393.2), (380.6, 392.9), 4.1, -2.4, 1
(300.7, 439.4), (305.0, 436.0), -0.2, -0.4, 0
(498.8, 317.3), (515.0, 317.8), 1.1, 4.5, 0
(409.2, 331.0), (410.0, 342.8), -3.6, 3.0, 0
(478.7, 437.4), (461.6, 443.2), -1.2, -3.8, 0
(300.3, 339.2), (300.0, 345.0), 4.4, -4.7, 1
(445.7, 379.6), (446.3, 391.4), -4.3, 3.4, 1
(375.6, 499.9), (394.4, 503.0), -1.3, -4.4, 1
(416.5, 338.2), (401.5, 325.1), 2.6, -2.4, 1
(347.6, 374.6), (355.1, 357.9), -1.0, -4.8, 0
(495.4, 411.3), (485.9, 392.1), -0.6, 4.3, 0
(394.3, 438.4), (405.4, 445.8), -0.1, 4.0, 1
(334.1, 395.9), (340.1, 404.9), -4.5, 3.3, 0
(357.0, 345.0), (376.0, 348.1), 2.3, 1.0, 1
(439.9, 429.6), (431.6, 413.0), -4.5, 4.7, 0
(307.0, 465.7), (324.0, 447.8), -0.3, 3.2, 1
(411.1, 372.4), (420.1, 352.9), -4.5, -1.5, 1
(413.1, 332.7), (423.6, 337.8), 2.0, 1.2, 0
(316.4, 498.0), (303.3, 514.0), -0.3, 4.0, 1
(353.8, 392.1), (361.5, 398.7), 4.4, 1.4, 1
(364.3, 473.4), (383.8, 483.3), -2.5, 2.6, 1
(330.3, 432.6), (337.5, 443.2), -2.4, 1.5, 0
(356.3, 380.9), (340.8, 392.0), -2.9, -2.1, 1
(318.6, 479.6), (306.1, 478.0), 2.8, 1.1, 0
(473.7, 457.9), (485.5, 453.7), 0.7, 2.8, 1
(375.9, 323.0), (382.9, 318.1), 4.2, 3.4, 1
(368.7, 453.4), (381.0, 451.7), 1.0, -4.5, 1
(404.2, 423.1), (399.8, 423.4), -2.2, 0.9, 0
(403.1, 342.3), (415.9, 335.8), -1.0, -2.2, 0
(434.8, 388.8), (425.4, 369.9), 1.2, 0.6, 0
(336.5, 374.8), (326.3, 360.6), -0.6, 0.9, 0
(480.3, 318.1), (498.8, 334.5), 0.2, 3.0, 0
(492.4, 350.1), (499.5, 365.9), 1.1, 1.7, 1
(419.3, 463.7), (402.3, 458.0), 0.8, -3.8, 0
(310.5, 431.8), (319.4, 419.8), -2.3, 4.4, 0
(475.5, 308.0), (461.8, 314.2), -0.8, -3.5, 1
(432.5, 326.9), (425.9, 320.1), 0.5, -3.4, 1
(484.3, 409.6), (468.4, 414.0), 4.7, 3.5, 1
(394.1, 436.6), (398.5, 438.2), -0.5, -1.1, 1
(334.9, 349.6), (333.1, 333.7), 2.2, 4.2, 1
(497.3, 475.9), (480.6, 473.1), -0.4, -0.0, 0
(461.7, 368.8), (447.5, 382.1), -3.2, -0.5, 1
(423.9, 400.7), (429.9, 398.9), 4.9, 0.2, 1
(366.1, 355.8), (366.6, 371.1), 2.6, 4.7, 0
(355.5, 323.1), (359.9, 342.9), 2.2, 0.8, 0
(383.2, 478.1), (363.3, 471.2), 1.0, -3.2, 1
(366.6, 498.2), (386.1, 501.5), -2.5, 4.0, 0
(322.2, 468.1), (335.8, 469.2), 2.9, -0.2, 0
(384.4, 457.7), (378.4, 442.4), 3.9, 4.8, 1
(410.9, 380.4), (419.1, 388.5), -2.6, 4.0, 1
(305.6, 383.8), (310.2, 384.5), 3.7, 4.7, 0
(375.8, 326.3), (361.0, 331.7), -2.0, -2.5, 0
(467.4, 492.0), (454.4, 507.4), 1.5, 2.5, 1
(313.5, 382.8), (319.4, 374.1), -0.4, 3.7, 1
(337.6, 312.5), (349.9, 297.7), -4.2, 0.4, 0
(398.3, 469.5), (400.6, 469.0), 2.6, -4.5, 1
(383.2, 363.8), (398.5, 357.7), 3.6, -1.7, 1
(375.3, 370.7), (368.4, 384.1), -4.2, 4.3, 0
(425.7, 410.2), (426.6, 403.7), -4.2, -3.3, 1
(386.6, 308.3), (403.6, 321.7), 1.1, -1.1, 1
(335.1, 400.3), (321.4, 408.0), 0.3, -2.1, 0
(365.7, 308.9), (348.8, 297.7), 1.7, 3.1, 1
(318.2, 446.7), (332.8, 435.1), -3.4, -4.8, 1
(488.9, 404.6), (508.1, 389.7), -0.6, 3.7, 1
(409.0, 327.2), (426.8, 335.3), 2.8, -3.1, 0
(405.8, 447.8), (425.1, 456.7), -3.5, 0.1, 1
(389.8, 345.3), (380.5, 364.1), 4.6, -4.9, 0
(433.2, 345.5), (422.0, 351.0), -1.5, 3.7, 1
(396.1, 368.4), (393.1, 356.1), 1.5, 3.6, 1
(399.9, 442.8), (381.4, 433.0), -2.9, 0.3, 1
(343.7, 488.3), (354.7, 477.1), 1.4, 3.2, 0
(410.2, 463.2), (422.6, 480.1), -4.8, 2.1, 1
(308.4, 445.4), (294.4, 439.1), -2.1, -0.9, 0
(496.2, 459.2), (511.9, 478.5), 1.5, -2.1, 0
(383.1, 494.2), (384.6, 512.4), -1.4, 0.8, 1
(379.9, 429.0), (369.3, 424.6), 2.9, 3.7, 1
(421.7, 359.4), (440.4, 360.0), 4.3, -2.4, 1
(399.9, 345.7), (387.4, 332.8), 3.5, 4.6, 0
(356.7, 420.5), (350.8, 419.1), 1.9, -4.7, 1
(478.2, 347.8), (482.8, 365.4), 0.8, 0.9, 1
(491.8, 384.3), (473.0, 380.9), 1.4, 0.9, 0
(311.8, 325.8), (320.6, 314.8), 4.6, 0.8, 0
(438.8, 348.3), (456.6, 348.2), 3.7, -1.2, 0
(349.6, 384.9), (354.5, 377.7), 3.9, 2.8, 0
(307.6, 434.7), (325.5, 429.4), -2.8, -0.4, 0
(365.2, 391.7), (350.4, 397.9), -0.1, 0.1, 1
(314.2, 363.8), (309.4, 368.1), 1.6, -1.3, 1
(370.7, 398.9), (373.4, 403.4), -1.3, -1.3, 1
(364.8, 429.7), (372.4, 425.2), 0.6, 1.3, 1
(322.9, 402.8), (338.0, 421.1), -2.1, -4.3, 0
(424.9, 488.4), (432.4, 473.7), 3.5, 4.0, 0
(461.8, 312.3), (459.9, 319.1), 0.3, 4.8, 0
(455.0, 314.9), (461.0, 298.7), -4.3, 1.3, 0
(318.5, 466.4), (313.5, 458.3), -2.0, -3.5, 0
(308.1, 461.4), (293.5, 466.6), 2.7, 3.8, 1
(340.5, 402.6), (351.5, 388.2), 4.5, -3.1, 1
(436.6, 348.4), (445.6, 332.1), -3.3, 4.9, 1
(301.9, 440.4), (305.2, 460.4), -0.6, -2.1, 0
(415.2, 318.1), (427.1, 301.6), 0.5, -4.6, 0
(370.7, 414.3), (374.0, 396.8), -4.7, 4.3, 1
(421.6, 350.6), (407.0, 367.0), -2.6, -3.5, 1
(381.3, 317.3), (397.3, 300.7), 4.7, -3.9, 1
(448.2, 446.0), (437.5, 458.0), 2.1, -0.3, 0
(342.9, 453.4), (347.8, 461.1), 3.9, -0.7, 1
(317.4, 398.7), (309.1, 383.9), 2.7, -3.5, 0
(423.8, 476.6), (432.2, 476.7), 4.9, -4.6, 1
(418.4, 361.1), (399.8, 365.8), 4.5, -4.5, 0
(415.7, 435.5), (407.8, 429.9), -3.1, 3.2, 0
(435.2, 473.8), (416.7, 459.9), 1.7, -3.1, 1
(492.8, 445.4), (500.7, 429.2), 4.6, -2.7, 1
(476.2, 425.2), (475.8, 444.9), 4.7, 2.1, 0
(482.3, 317.0), (496.6, 305.7), 0.5, 0.6, 0
(477.6, 458.6), (476.7, 440.1), 3.1, -4.7, 0
(444.4, 456.3), (425.4, 471.8), -2.5, 4.5, 1
(418.5, 386.0), (436.8, 369.0), 3.9, -0.3, 1
(369.0, 465.3), (368.8, 459.1), 2.0, -1.4, 1
(330.4, 315.0), (325.5, 324.9), -3.8, -4.7, 0
(432.4, 491.9), (432.6, 475.0), 1.5, 3.5, 0
(363.1, 477.8), (373.3, 496.8), 4.7, 4.5, 1
(471.9, 341.2), (468.9, 355.9), -4.8, -1.5, 1
(380.5, 419.4), (394.0, 415.3), 1.9, -2.5, 0
(497.4, 349.6), (505.0, 331.9), -0.1, 2.4, 1
(404.6, 301.8), (385.6, 301.6), 4.1, -2.3, 0
(411.9, 339.6), (399.2, 331.5), 3.4, 3.0, 1
(367.5, 406.9), (367.2, 398.3), 2.0, 1.9, 0
(424.6, 430.2), (414.3, 423.6), 2.3, 3.4, 1
(337.3, 404.9), (352.9, 421.5), 3.4, -3.6, 1
(410.1, 367.5), (401.1, 360.2), 3.7, -2.9, 0
(478.8, 491.0), (490.1, 509.5), 4.2, 0.2, 0
(455.7, 347.0), (455.5, 349.5), -2.9, 2.1, 0
(379.3, 412.5), (384.7, 398.3), -2.6, -4.8, 1
(439.0, 382.2), (436.5, 383.0), -0.9, 4.0, 1
(403.5, 447.6), (421.2, 438.2), -1.1, -0.1, 0
(326.1, 380.1), (310.3, 373.4), 3.9, 0.8, 1
(379.9, 324.4), (374.3, 316.4), 0.1, -3.9, 1
(350.6, 315.9), (348.2, 317.7), 2.1, 2.1, 1
(478.3, 314.5), (479.9, 299.3), -1.9, 4.2, 0
(475.5, 315.2), (476.1, 301.9), 2.5, -4.8, 1
(368.3, 441.9), (359.1, 460.7), 4.1, -3.2, 1
(400.2, 349.4), (400.4, 339.6), 3.5, 2.8, 0
(400.0, 317.9), (390.6, 299.0), -2.1, 3.0, 1
(426.4, 363.0), (446.1, 376.9), -1.5, -0.9, 1
(305.7, 346.2), (286.0, 329.6), 1.0, -0.9, 0
(330.4, 455.1), (348.7, 473.8), -1.2, 0.9, 1
(437.4, 438.1), (443.5, 447.2), 2.7, 2.4, 0
(378.1, 406.1), (379.5, 412.4), 3.7, 4.4, 1
(467.5, 426.2), (448.4, 437.8), -3.1, -4.7, 0
(381.3, 483.7), (375.7, 485.5), -4.3, -0.9, 1
(471.2, 450.7), (489.1, 440.3), 3.2, 1.3, 1
(337.8, 449.1), (336.7, 447.6), -4.8, -0.8, 1
(485.6, 366.1), (492.0, 359.6), 2.1, -2.0, 0
(418.8, 371.1), (410.2, 381.0), -0.7, -1.7, 0
(467.1, 496.2), (477.1, 495.2), 2.0, 4.7, 1
(326.1, 368.6), (326.1, 387.2), -3.9, 4.7, 0
(429.7, 389.4), (420.5, 387.8), 1.6, -2.2, 1
(417.0, 346.8), (424.0, 359.5), 2.1, 0.5, 0
(384.5, 481.9), (385.1, 481.3), -4.1, 4.6, 0
(310.6, 389.0), (309.2, 407.6), -4.0, 1.8, 1
(427.3, 367.6), (423.5, 350.6), 2.4, -4.6, 1
(474.8, 455.6), (492.4, 447.7), -2.2, 2.0, 1
(334.7, 441.1), (340.2, 456.7), -2.5, 2.1, 0
(457.4, 477.4), (473.1, 465.5), -2.9, -3.3, 1
(442.6, 471.9), (448.9, 474.8), 0.5, 1.6, 0
(483.7, 382.9), (476.7, 373.9), -0.4, 2.1, 0
(465.6, 368.3), (468.0, 383.7), 2.3, -4.4, 1
(492.0, 435.0), (492.8, 438.8), -4.3, 2.2, 0
(397.5, 415.4), (382.2, 412.0), -4.2, 4.3, 1
(350.9, 442.5), (334.2, 426.6), 0.8, 0.0, 0
(451.6, 391.5), (463.7, 378.4), 2.7, 3.7, 1
(342.6, 446.3), (353.4, 447.0), 0.5, 1.5, 1
(494.0, 336.9), (493.9, 345.8), -0.2, -2.1, 1
(391.7, 311.3), (394.1, 326.8), 1.3, -1.6, 0
(366.9, 319.0), (350.3, 325.0), 2.7, 3.3, 0
(451.0, 381.2), (453.9, 384.7), 1.1, 1.7, 1
(445.6, 329.7), (442.8, 346.1), 3.4, 0.5, 0
(465.8, 429.3), (460.2, 411.8), -1.9, 2.6, 0
(495.0, 453.7), (475.1, 434.3), 1.8, 2.5, 0
(466.4, 449.9), (480.1, 430.7), -4.5, -2.5, 0
(405.5, 402.4), (414.9, 419.2), 2.1, -0.7, 0
(332.8, 399.7), (346.5, 409.8), -4.6, 4.6, 0
(354.6, 354.3), (340.8, 362.1), -0.6, 2.2, 1
(473.0, 486.8), (460.1, 483.2), -4.4, -0.3, 1
(434.6, 353.8), (428.3, 346.5), -3.7, -0.3, 1
(435.4, 318.0), (439.3, 304.4), -4.0, 5.0, 1
(399.7, 415.5), (379.8, 432.3), -4.6, -1.9, 0
(451.0, 312.2), (448.5, 299.4), 1.1, 4.8, 0
(343.3, 469.0), (338.9, 487.1), -2.4, -3.3, 1
(490.5, 344.5), (470.9, 361.0), 2.6, 5.0, 1
(450.7, 464.0), (461.7, 445.6), -1.2, -1.6, 1
(403.0, 329.3), (388.9, 327.9), 2.4, -1.3, 0
(368.5, 411.6), (367.8, 416.9), 0.9, -4.8, 1
(468.1, 475.9), (464.1, 492.9), -0.9, 4.3, 0
(327.2, 386.9), (315.9, 377.2), -3.5, 4.4, 1
(331.9, 489.3), (332.7, 487.9), 4.0, 3.3, 0
(399.5, 335.3), (392.9, 338.5), -4.0, -2.7, 0
(443.5, 464.9), (452.8, 473.5), -4.5, 0.4, 1
(328.5, 341.5), (345.9, 322.9), 2.4, -4.9, 0
(338.2, 477.4), (326.1, 462.3), 1.3, 3.9, 0
(406.7, 373.4), (412.1, 392.2), -3.7, 1.5, 0
(353.9, 343.8), (337.9, 344.8), 2.1, 1.3, 0
(395.5, 384.2), (401.9, 385.8), 3.9, 1.5, 1
(359.2, 468.8), (353.4, 460.9), 3.3, -3.6, 1
(397.9, 439.3), (409.6, 437.9), 1.7, -0.6, 0
(364.6, 442.7), (369.8, 440.7), 1.5, 4.9, 1
(404.5, 372.5), (392.6, 381.6), -3.7, 4.9, 0
(427.1, 414.4), (416.0, 412.7), 4.1, -0.3, 0
(435.5, 316.1), (430.4, 305.6), -4.1, 0.1, 1
(492.8, 459.6), (504.0, 466.8), 2.3, -3.7, 0
(379.2, 386.9), (395.7, 392.9), -1.0, 1.7, 0
(380.7, 391.5), (400.3, 391.3), -0.3, 3.7, 1
(349.3, 411.9), (343.7, 416.5), 3.9, -5.0, 1
(337.0, 329.3), (335.8, 316.1), -4.0, -1.5, 1
(348.4, 435.4), (340.2, 438.3), 4.9, -2.7, 1
(423.0, 483.4), (414.6, 471.4), 0.6, -1.8, 1
(383.0, 387.1), (389.5, 381.8), -4.3, -4.4, 1
(343.4, 310.7), (353.0, 294.4), 1.6, 2.4, 1
(488.0, 376.0), (483.0, 383.3), 4.7, -1.5, 1
(431.4, 392.2), (440.2, 405.3), -3.3, 2.3, 1
(483.6, 390.4), (486.2, 394.3), -4.3, 1.7, 0
(459.4, 416.1), (440.7, 396.5), 0.5, -0.7, 0
(449.6, 341.6), (463.9, 327.7), -1.9, 4.2, 1
(454.7, 411.5), (457.6, 419.2), 1.6, 0.1, 1
(426.0, 355.9), (425.4, 353.1), -4.4, 3.2, 0
(419.9, 399.1), (436.6, 390.8), 4.4, 2.1, 1
(427.7, 411.8), (408.3, 405.8), -0.1, -2.5, 1
(383.7, 492.3), (397.1, 482.5), -0.1, -2.9, 0
(407.9, 453.6), (423.2, 463.4), 2.9, 4.4, 1
(326.2, 488.7), (307.4, 481.9), -0.6, 4.2, 0
(410.6, 388.5), (422.6, 380.6), -0.5, -4.1, 0
(495.3, 354.7), (507.9, 348.9), 1.1, -1.0, 1
(423.8, 400.7), (419.6, 410.5), -4.4, -2.6, 1
(356.1, 460.4), (374.2, 447.1), 4.3, -2.0, 0
(371.7, 405.7), (375.5, 392.8), -3.9, 3.2, 1
(377.8, 464.5), (378.0, 447.0), 0.2, -4.5, 1
(473.6, 383.9), (465.2, 381.0), 4.0, 0.9, 0
(342.4, 380.5), (340.0, 378.9), 2.3, 0.8, 0
(385.2, 337.3), (369.8, 330.8), 4.9, -2.6, 1
(439.8, 495.8), (441.8, 492.2), 0.0, 4.3, 0
(427.7, 480.6), (409.5, 492.1), -2.0, -1.9, 0
(343.0, 374.6), (356.8, 371.2), 2.2, -1.0, 0
(463.0, 403.1), (455.6, 383.1), 3.6, -3.3, 1
(457.1, 396.4), (468.7, 376.8), 4.9, 3.8, 0
(336.9, 358.9), (331.0, 357.5), 4.6, -4.1, 1
(411.8, 377.0), (428.4, 389.3), 1.0, 1.1, 0
(337.9, 380.2), (349.3, 375.2), 3.8, -1.6, 0
(434.4, 447.9), (438.1, 461.3), 0.8, 0.3, 0
(400.3, 459.0), (400.0, 458.3), 0.4, 1.4, 0
(419.5, 340.8), (406.0, 354.2), 4.6, 0.6, 1
(303.5, 483.7), (311.5, 487.7), -4.2, 4.6, 0
(341.5, 328.1), (352.0, 319.3), -1.5, 4.6, 0
(412.5, 488.4), (423.4, 479.0), 1.7, 4.4, 0
(395.6, 435.2), (413.0, 434.1), -1.4, 0.6, 1
(330.9, 389.8), (332.5, 385.3), -3.9, 1.9, 0
(481.0, 457.8), (490.6, 466.6), 1.5, 4.2, 1
(418.4, 466.0), (436.1, 463.2), -0.1, -4.1, 0
(323.6, 386.3), (336.8, 368.9), -4.2, -3.8, 0
(472.7, 442.1), (483.9, 457.1), 1.1, 1.1, 0
(339.1, 336.4), (333.4, 351.4), 0.1, -0.0, 0
(311.9, 457.6), (300.8, 469.2), 3.2, -1.6, 1
(411.0, 437.5), (419.0, 457.4), 3.2, 3.5, 1
(426.7, 414.1), (422.8, 416.0), 4.7, -1.4, 1
(332.7, 313.0), (342.8, 326.7), 2.9, -4.9, 0
(381.0, 354.8), (365.1, 362.4), 0.6, -4.9, 1
(449.4, 461.5), (463.0, 476.5), 2.0, 1.9, 1
(481.4, 351.3), (493.6, 353.4), -2.6, -0.8, 1
(352.7, 413.2), (346.8, 426.0), -4.9, 1.8, 1
(465.7, 482.3), (447.1, 495.5), 1.9, -0.4, 1
(379.7, 418.8), (368.5, 423.6), 0.5, 3.3, 0
(397.4, 328.3), (416.7, 311.5), -3.6, 1.2, 0
(358.1, 371.8), (375.3, 391.7), -0.6, -0.7, 1
(469.6, 434.9), (474.7, 426.4), -0.9, -1.1, 0
(475.6, 461.3), (463.4, 445.1), 4.4, 4.7, 1
(327.8, 496.1), (323.8, 494.9), -2.1, 2.1, 1
(416.5, 302.9), (435.1, 321.3), -1.1, 1.1, 1
(491.5, 317.0), (501.8, 312.4), 2.7, 0.4, 1
(301.6, 337.9), (305.4, 323.0), 3.1, -1.0, 1
(396.6, 309.2), (392.5, 304.3), 3.4, 2.5, 1
(309.0, 312.6), (303.5, 330.0), 4.5, -2.9, 0
(364.5, 354.7), (382.9, 348.3), -1.6, 2.4, 0
(300.1, 364.2), (313.6, 377.7), -1.9, -1.1, 0
(390.5, 321.6), (408.8, 303.9), 2.7, -4.9, 1
(481.6, 479.4), (474.9, 490.1), -3.1, -3.8, 1
(374.3, 382.7), (367.5, 401.2), 1.2, -2.1, 0
(348.4, 325.4), (357.2, 310.3), 1.0, 3.8, 1
(483.3, 477.8), (472.3, 462.2), 3.1, 4.1, 0
(356.2, 306.2), (372.3, 323.2), -0.1, -2.8, 0
(436.2, 427.0), (451.2, 426.3), 2.6, -3.5, 1
(309.0, 329.7), (326.1, 326.8), 0.3, -2.7, 0
(398.4, 488.1), (413.0, 504.1), 0.2, 0.0, 0
(492.0, 460.8), (494.7, 446.8), -1.9, 4.7, 1
(498.7, 403.9), (503.3, 416.1), 3.1, 1.8, 1
(400.8, 390.3), (392.1, 408.1), -1.5, -3.7, 0
(453.4, 360.1), (454.4, 361.4), -3.0, 2.6, 1
(464.8, 329.8), (457.2, 339.7), -3.7, -1.8, 1
(323.4, 479.8), (342.2, 487.0), 2.6, 0.5, 1
(309.2, 349.9), (302.7, 339.1), 2.4, -3.1, 1
(331.8, 497.4), (329.4, 496.3), -1.2, -1.2, 0
(406.5, 408.1), (425.3, 400.0), 2.1, 3.3, 1
(315.8, 433.0), (298.0, 431.9), -2.9, 1.8, 0
(443.4, 378.0), (437.8, 365.6), -1.3, 2.5, 0
(379.2, 319.1), (385.4, 318.3), -2.0, 4.0, 0
(351.4, 490.9), (340.2, 496.4), -3.8, 3.1, 0
(355.5, 357.2), (341.2, 368.8), 1.0, 4.3, 1
(441.6, 362.4), (458.8, 350.9), 1.0, 1.1, 1
(319.3, 324.5), (333.4, 313.6), 3.2, 3.9, 1
(332.9, 386.4), (337.5, 367.6), -4.7, -4.5, 0
(458.4, 360.5), (450.1, 364.5), -0.0, 2.4, 1
(462.7, 443.4), (467.8, 452.7), 0.2, -4.1, 1
(402.3, 310.7), (410.8, 328.0), 3.8, -3.8, 0
(399.8, 351.0), (398.1, 370.1), -2.8, -3.7, 1
(416.7, 309.0), (433.5, 297.6), -3.4, -3.1, 1
(352.8, 308.2), (368.0, 288.7), -0.5, 1.9, 1
(446.4, 475.7), (461.5, 476.7), 3.0, 0.6, 1
(392.0, 444.6), (391.8, 424.9), -4.8, -1.0, 1
(471.9, 496.4), (466.1, 476.9), 1.7, -0.5, 0
(332.4, 498.5), (346.5, 483.3), 4.7, 2.9, 0
(324.2, 465.8), (312.7, 480.1), -0.8, 4.6, 0
(396.2, 458.0), (406.7, 443.4), -2.4, 2.9, 0
(339.5, 302.2), (331.5, 313.4), 1.4, 5.0, 1
(414.0, 432.5), (395.5, 428.5), 1.6, -1.0, 1
(408.6, 497.7), (392.4, 485.8), 1.5, -2.4, 1
(404.2, 445.4), (407.3, 465.4), -4.1, 4.7, 1
(496.3, 459.7), (490.3, 445.8), -2.4, -3.8, 1
(449.9, 393.5), (457.2, 392.5), 2.1, -1.9, 0
(457.9, 350.5), (475.8, 334.3), 1.9, 2.3, 1
(485.1, 447.6), (498.0, 459.9), 2.1, 0.7, 1
(333.4, 424.5), (333.4, 434.7), 4.2, -2.9, 1
(338.7, 437.9), (332.1, 437.7), -0.1, -0.4, 1
(395.2, 373.2), (383.6, 384.8), -0.7, -2.9, 1
(317.9, 351.4), (321.7, 354.8), -2.8, 3.1, 0
(492.0, 430.5), (504.0, 417.6), 2.9, 3.5, 0
(340.1, 421.4), (347.3, 421.0), -0.9, -1.4, 0
(306.6, 315.0), (295.6, 299.2), -1.9, 4.7, 1
(356.6, 449.9), (353.1, 439.9), 1.2, 2.6, 1
(498.6, 420.7), (482.0, 435.3), 0.2, -1.1, 1
(455.5, 481.5), (445.5, 479.9), 1.1, -1.9, 0
(368.5, 481.1), (357.5, 487.6), -4.7, -0.5, 1
(392.4, 346.2), (390.4, 365.3), 0.8, -1.1, 0
(460.2, 452.3), (458.5, 449.6), -2.8, -3.3, 1
(401.8, 377.4), (404.4, 396.6), 4.0, 4.1, 1
(320.7, 468.9), (326.5, 463.3), 1.8, 1.2, 0
(453.6, 397.8), (433.9, 382.4), -1.6, 1.8, 0
(466.7, 393.3), (466.7, 398.3), -3.2, 3.4, 1
(300.9, 493.3), (297.9, 486.9), 0.1, 1.9, 1
(450.9, 307.0), (461.1, 300.7), 1.0, -3.0, 1
(400.2, 497.3), (399.3, 510.5), 4.2, 0.9, 0
(489.8, 483.2), (509.5, 479.6), -2.3, -0.0, 0
(376.5, 330.1), (372.4, 329.8), -0.8, 3.0, 1
(418.9, 461.7), (430.8, 471.1), 0.2, 1.6, 1
(377.0, 351.9), (380.3, 342.5), -0.6, -4.2, 1
(468.4, 461.8), (457.9, 476.0), 4.1, 3.6, 0
(443.4, 325.9), (424.3, 320.5), -0.6, -3.3, 0
(411.8, 354.6), (425.1, 355.5), -1.0, 3.8, 1
(366.6, 305.4), (364.2, 318.0), -2.2, 3.7, 0
(454.6, 396.4), (434.9, 385.6), -2.8, 2.3, 1
(485.0, 416.1), (472.4, 420.4), -2.5, 1.0, 1
(495.2, 405.0), (503.1, 396.0), 2.8, -0.3, 1
(341.8, 493.5), (356.8, 477.0), -5.0, 3.8, 0
(335.3, 497.9), (325.6, 479.1), -4.0, 3.0, 0
(381.5, 403.3), (396.3, 401.4), 0.8, -2.9, 1
(484.9, 393.5), (490.8, 384.1), 4.8, 2.9, 1
(472.8, 449.1), (462.7, 463.1), 4.5, 4.0, 0
(464.4, 414.1), (463.4, 398.5), 0.9, 2.8, 1
(463.6, 314.0), (478.7, 294.8), 1.3, -0.6, 1
(460.8, 322.0), (475.8, 315.2), -1.1, 4.8, 1
(418.4, 392.3), (421.0, 391.1), 0.2, 5.0, 0
(385.4, 352.7), (374.0, 345.6), 3.6, -1.3, 1
(405.6, 342.1), (399.3, 359.9), 4.1, 1.7, 0
(382.0, 337.1), (380.7, 346.2), 3.6, -0.3, 1
(451.2, 312.1), (434.7, 325.9), 2.0, 1.8, 0
(488.3, 419.9), (477.9, 428.7), 4.2, 3.6, 0
(325.5, 398.4), (315.6, 402.3), 0.9, 4.7, 0
(440.0, 493.2), (456.3, 483.1), -0.9, 0.0, 0
(366.9, 438.7), (378.0, 419.2), 0.8, 2.6, 1
(469.0, 372.7), (484.5, 385.4), -2.3, -0.0, 1
(405.5, 452.3), (412.8, 444.3), 0.3, -2.3, 0
(461.1, 345.6), (461.8, 356.4), -0.4, -0.7, 1
(432.0, 438.0), (412.3, 429.7), -2.4, -3.7, 0
(402.8, 422.9), (390.4, 437.5), 0.5, 3.2, 0
(458.4, 457.2), (470.5, 447.4), 2.4, -4.2, 1
(448.8, 365.1), (453.8, 378.3), 4.5, 4.9, 0
(410.2, 431.8), (426.2, 451.7), 0.9, -4.8, 0
(494.3, 306.7), (499.4, 301.6), -4.9, 2.1, 1
(330.9, 423.9), (342.2, 408.8), -1.4, -2.9, 0
(479.8, 421.4), (483.7, 426.3), -1.2, -2.8, 0
(482.1, 371.6), (500.6, 365.7), 4.7, 4.8, 0
(388.0, 428.5), (372.7, 422.7), 3.1, 3.4, 0
(436.5, 341.7), (423.1, 326.4), 3.7, 1.3, 1
(343.0, 411.7), (359.9, 391.9), -2.1, -3.0, 0
(440.0, 451.6), (447.7, 447.0), 0.2, 3.1, 0
(360.2, 474.9), (371.5, 456.2), -2.6, 4.7, 1
(359.5, 357.6), (357.4, 374.2), -1.4, 2.6, 1
(420.0, 477.0), (423.5, 478.0), 2.5, -2.3, 1
(427.6, 365.5), (428.7, 349.7), 3.6, 0.4, 1
(329.1, 435.7), (339.7, 450.5), -0.6, -2.3, 0
(417.4, 473.6), (401.3, 467.3), 3.7, -1.3, 1
(437.1, 454.8), (448.4, 461.3), -4.2, 4.1, 0
(348.7, 487.4), (333.7, 484.3), 2.3, 3.3, 1
(469.0, 352.4), (469.1, 347.9), 1.8, -1.6, 1
(402.5, 356.3), (412.1, 371.7), 3.5, 2.4, 0
(430.9, 357.6), (439.4, 339.3), 4.2, -4.7, 1
(419.1, 372.2), (430.5, 376.3), 3.0, 4.3, 1
(472.2, 401.7), (455.3, 384.1), 2.6, -3.7, 0
(389.3, 455.2), (381.3, 465.9), -0.5, -0.0, 1
(354.3, 414.9), (341.5, 406.2), 2.1, -3.7, 1
(329.7, 357.7), (333.1, 370.1), -0.2, -0.3, 0
(303.4, 312.4), (294.8, 305.7), -1.4, 4.8, 1
(413.8, 447.4), (412.3, 438.0), 2.2, 3.9, 1
(385.3, 339.5), (387.8, 351.0), 1.6, -0.1, 0
(366.0, 417.2), (359.7, 398.4), -3.3, -0.5, 1
(352.7, 446.8), (333.5, 438.9), 2.8, 4.1, 0
(398.2, 435.9), (394.1, 423.8), -4.4, -2.2, 1
(489.7, 438.7), (477.8, 422.8), 4.1, 1.4, 0
(311.2, 356.6), (305.8, 358.8), 2.9, -1.5, 1
(477.5, 372.7), (475.0, 360.2), -3.8, 4.9, 0
(340.7, 458.9), (357.8, 458.2), 4.7, 2.6, 1
(401.8, 412.1), (413.1, 406.3), -4.9, 4.9, 0
(306.0, 383.5), (314.7, 375.2), -4.2, -4.1, 1
(436.1, 411.8), (446.7, 395.6), 2.2, -0.4, 0
(344.6, 411.2), (360.1, 422.3), 1.2, 4.7, 0
(433.6, 384.0), (434.6, 402.3), 3.8, 4.8, 1
(429.2, 304.9), (412.8, 299.6), 2.9, 0.5, 0
(318.6, 373.9), (306.8, 355.6), -0.9, -4.5, 0
(437.2, 446.7), (445.5, 464.3), -0.7, -0.0, 0
(337.0, 300.5), (343.8, 289.9), 0.6, -0.5, 0
(488.7, 498.9), (471.2, 500.1), -2.9, -2.0, 1
(403.9, 450.5), (400.4, 448.7), -1.0, 2.5, 1
(476.1, 460.9), (485.7, 462.6), -2.0, 2.0, 0
(358.8, 448.6), (355.0, 440.3), -2.2, 2.3, 1
(361.4, 469.6), (351.7, 475.6), -3.1, 1.8, 0
(452.3, 419.9), (449.7, 409.4), 0.9, 1.5, 0
(436.6, 409.9), (434.4, 424.1), -2.3, 0.7, 1
(377.6, 389.2), (361.2, 406.5), -2.4, 3.2, 0
(496.6, 413.8), (504.7, 403.8), 3.1, -1.7, 1
(380.7, 430.7), (368.5, 421.9), 4.4, 1.3, 0
(469.4, 487.7), (481.6, 478.5), 4.6, -1.1, 1
(433.5, 461.6), (416.1, 477.5), 1.6, 0.4, 0
(415.3, 458.1), (405.0, 469.0), 1.3, 3.8, 0
(353.3, 412.0), (338.8, 428.2), -2.7, -2.9, 1
(441.4, 454.7), (423.5, 450.2), 2.1, -3.0, 1
(398.4, 360.2), (413.7, 361.0), -1.7, 0.0, 0
(485.6, 457.4), (478.8, 452.8), 3.0, 3.9, 1
(432.5, 430.3), (439.2, 442.0), -1.3, 3.0, 1
(412.3, 300.4), (427.8, 293.9), 3.5, -3.7, 1
(427.4, 395.8), (424.4, 401.4), 4.4, -2.4, 1
(483.1, 333.1), (464.6, 329.6), -2.4, -0.7, 0
(476.6, 459.9), (463.7, 442.4), -3.5, 4.8, 1
(388.6, 391.2), (372.6, 385.9), -4.5, -1.7, 0
(414.3, 405.5), (421.2, 411.8), 3.0, -0.9, 0
(347.1, 363.3), (361.2, 356.1), 0.4, 1.3, 0
(482.5, 466.6), (490.9, 466.6), 4.3, 4.0, 1
(442.0, 341.0), (456.2, 347.8), 1.9, -4.5, 1
(325.8, 340.9), (309.6, 337.0), 4.2, 2.4, 0
(447.3, 398.2), (428.9, 384.3), 1.0, 0.3, 1
(391.8, 467.7), (403.0, 484.5), 0.8, 2.7, 1
(423.6, 304.2), (437.5, 303.1), 2.0, -1.5, 1
(319.1, 322.6), (310.7, 315.3), 4.8, 3.2, 0
(362.4, 473.5), (367.5, 472.6), 4.0, 2.2, 0
(344.2, 385.6), (324.6, 395.7), 4.0, 4.8, 0
(380.3, 417.5), (371.8, 429.7), -3.0, -0.4, 1
(499.7, 347.8), (513.0, 329.6), -2.5, 1.1, 1
(356.4, 460.0), (343.6, 457.0), -1.5, 3.6, 0
(344.3, 380.3), (360.5, 399.1), -1.6, -4.8, 0
(350.1, 365.2), (343.6, 362.0), 4.4, 3.9, 0
(381.0, 478.3), (390.9, 464.1), 2.2, -3.9, 0
(477.9, 371.2), (487.8, 384.9), 1.9, -0.6, 1
(308.3, 415.8), (301.1, 434.1), 2.7, 4.7, 0
(439.6, 318.3), (434.9, 333.0), 1.0, 3.1, 0
(373.0, 459.1), (376.0, 448.3), 2.0, -2.7, 1
(354.5, 356.4), (357.8, 349.2), -4.2, 3.7, 1
(394.6, 311.2), (392.3, 303.1), -3.5, -3.9, 0
(306.4, 354.3), (302.3, 344.9), 2.5, 2.8, 1
(447.8, 414.7), (433.6, 396.1), -4.3, 2.7, 0
(364.6, 361.0), (364.8, 372.1), -4.0, 1.1, 0
(356.9, 454.9), (365.8, 443.9), -0.8, 2.6, 0
(363.1, 441.7), (357.9, 433.8), -0.3, 3.7, 0
(415.5, 408.1), (406.8, 404.3), 4.9, -2.7, 1
(306.6, 429.4), (290.4, 427.8), 3.3, 2.5, 1
(312.3, 463.8), (305.9, 471.8), 1.2, 0.5, 0
(472.5, 484.1), (477.6, 486.7), -0.3, -0.5, 1
(376.1, 321.7), (371.3, 319.5), -4.6, 1.0, 1
(490.4, 347.4), (497.9, 349.9), -4.7, 2.0, 0
(437.1, 444.2), (452.8, 447.8), 2.7, 1.1, 0
(349.5, 430.1), (349.0, 418.6), 3.9, -2.1, 1
(305.6, 420.4), (318.3, 429.3), -4.6, -1.5, 1
(485.6, 474.0), (498.7, 493.2), -1.7, -3.0, 1
(393.4, 432.8), (407.5, 452.4), 3.7, -4.9, 1
(378.4, 473.9), (377.2, 489.1), -1.8, -3.5, 0
(390.0, 416.2), (402.8, 412.6), 2.6, 4.8, 1
(457.5, 463.8), (440.1, 466.3), 0.1, 3.7, 0
(305.3, 421.3), (322.8, 410.1), 3.4, 0.9, 0
(417.9, 468.9), (398.1, 471.1), 1.5, -4.5, 0
(498.9, 399.9), (495.2, 386.6), -4.8, 4.3, 1
(393.0, 398.2), (392.8, 380.2), -2.2, 0.9, 0
(439.5, 401.3), (454.8, 385.3), 0.6, -0.7, 1
(361.2, 305.6), (360.8, 293.7), -1.8, 0.9, 1
(439.1, 412.6), (423.6, 416.3), -3.3, -4.6, 0
(494.2, 373.7), (483.8, 390.8), 3.3, 4.3, 1
(459.4, 446.1), (470.7, 450.5), -1.5, -4.5, 1
(321.2, 393.4), (311.8, 405.8), 0.2, 1.4, 0
(372.6, 324.1), (357.8, 308.6), 2.3, -2.4, 1
(488.8, 356.4), (486.8, 346.0), 3.6, 1.1, 1
(430.9, 361.4), (432.4, 356.3), 1.0, 0.9, 0
(335.5, 328.9), (316.9, 312.1), -3.0, 2.0, 1
(385.2, 415.6), (371.1, 428.0), -3.9, -4.1, 1
(492.4, 415.0), (480.9, 404.6), -4.6, 1.3, 0
(452.9, 395.7), (441.6, 388.5), -1.1, -3.7, 1
(374.8, 347.1), (388.5, 334.2), 1.9, -4.5, 1
(455.1, 491.2), (445.3, 491.4), -3.9, 0.6, 1
(418.2, 432.9), (406.1, 442.7), -3.8, -2.7, 0
(460.1, 327.5), (449.0, 325.1), -0.4, -0.7, 0
(458.6, 413.5), (449.7, 422.4), 3.4, -1.3, 0
(363.3, 493.1), (371.0, 492.9), -0.2, 3.5, 0
(391.7, 340.8), (408.3, 347.5), -2.9, 1.4, 0
(369.9, 400.6), (377.8, 383.3), -1.7, -1.5, 0
(480.0, 391.9), (462.0, 382.8), -4.7, 2.9, 1
(418.3, 470.9), (416.3, 465.0), -0.8, 3.8, 1
(339.4, 415.3), (335.7, 410.4), 3.3, -0.4, 0
(461.3, 407.4), (454.3, 403.4), 2.6, -2.7, 1
(353.2, 321.2), (364.6, 303.9), -2.0, 3.6, 1
(352.1, 338.6), (343.2, 342.0), -3.9, 4.6, 0
(470.2, 459.9), (470.4, 475.0), 1.1, 1.1, 0
(342.8, 331.1), (356.7, 336.2), -2.5, -0.5, 1
(342.0, 361.3), (342.1, 366.7), -4.0, -1.8, 1
(307.5, 337.7), (305.8, 333.6), 1.4, 3.7, 1
(357.3, 486.6), (364.7, 482.0), -2.0, 4.4, 1
(356.8, 497.8), (336.9, 484.9), -3.8, -2.7, 1
(458.6, 424.6), (466.4, 410.4), -2.5, -2.2, 1
(467.3, 316.7), (465.1, 323.3), -2.7, -1.2, 0
(483.7, 460.3), (500.7, 473.6), -2.4, 1.9, 0
(383.4, 459.2), (373.4, 462.0), 3.5, -4.2, 1
(415.6, 454.8), (400.0, 442.4), -3.7, -2.4, 0
(448.0, 300.1), (434.9, 291.7), -3.9, -1.6, 0
(376.6, 308.3), (380.9, 305.8), 1.6, -4.1, 1
(354.0, 338.3), (360.9, 335.7), -1.4, 3.0, 0
(403.6, 496.1), (407.5, 512.9), -1.7, -0.7, 1
(410.4, 387.8), (414.9, 394.5), 2.3, 0.5, 0
(440.8, 335.5), (452.9, 339.2), -3.3, 3.1, 0
(428.6, 320.5), (420.0, 323.3), 4.1, -2.3, 0
(358.0, 356.8), (368.1, 345.5), 0.1, -1.4, 1
(480.3, 416.2), (483.5, 407.6), -3.3, -1.8, 0
(481.2, 465.8), (494.0, 447.0), -0.5, 3.9, 0
(310.3, 480.4), (316.2, 488.5), -0.6, 4.8, 1
(380.6, 424.8), (382.4, 432.5), -3.5, -3.1, 0
(349.5, 377.1), (364.9, 370.2), 1.1, -4.0, 1
(362.4, 354.6), (368.0, 339.6), 4.1, -1.9, 0
(443.9, 411.9), (424.9, 395.8), -3.1, 0.2, 0
(343.5, 371.9), (356.7, 373.2), -3.3, 4.6, 1
(336.6, 350.1), (345.2, 330.6), -3.7, 3.8, 1
(378.9, 488.5), (378.0, 471.8), -2.6, 2.8, 0
(499.0, 362.6), (516.5, 381.3), 3.8, -3.4, 1
(388.2, 307.9), (386.1, 303.3), -1.9, -3.7, 0
(430.4, 426.9), (436.8, 430.5), 0.4, 1.4, 1
(441.7, 482.0), (433.8, 500.8), 2.0, 4.0, 1
(397.4, 326.8), (378.9, 332.8), -3.2, -2.1, 0
(304.1, 466.5), (312.1, 481.8), -1.3, -4.3, 1
(493.3, 328.9), (505.2, 341.1), -3.6, -2.2, 1
(369.3, 477.1), (366.7, 489.5), 4.9, 0.9, 0
(418.7, 397.1), (432.5, 407.2), 4.5, 2.1, 0
(416.2, 363.8), (403.6, 366.0), -4.0, 0.5, 0
(481.6, 429.6), (500.4, 434.7), 2.8, -0.4, 1
(403.2, 395.6), (422.5, 412.4), -2.3, 1.5, 0
(370.5, 482.8), (381.4, 472.1), 0.2, 1.0, 0
(314.2, 316.1), (311.2, 319.3), -3.1, -4.2, 0
(363.7, 362.5), (362.5, 344.8), -4.9, -0.3, 0
(399.1, 375.0), (408.1, 377.1), 2.7, -2.0, 1
(431.7, 421.9), (443.4, 417.9), 2.8, -0.4, 1
(440.9, 382.9), (451.6, 372.4), 4.3, 3.1, 1
(314.6, 456.2), (304.9, 447.4), -1.4, 2.5, 0
(480.0, 416.5), (473.5, 404.4), 3.5, -3.1, 0
(448.5, 422.5), (442.5, 406.3), -0.9, 1.6, 1
(321.9, 449.5), (338.9, 433.5), 1.0, -0.0, 1
(321.5, 346.1), (335.9, 363.3), -2.7, 2.6, 0
(488.6, 367.0), (469.8, 349.6), -2.6, 3.8, 0
(328.1, 352.2), (324.9, 360.2), 3.4, 2.9, 1
(473.7, 491.6), (493.4, 479.5), 4.6, 1.8, 0
(426.7, 409.0), (412.3, 392.2), -4.4, 2.9, 0
(370.7, 472.1), (377.7, 481.8), 3.5, -1.8, 0
(490.8, 324.0), (507.0, 321.7), -1.8, 0.8, 0
(451.5, 399.6), (464.2, 382.4), -1.9, 3.4, 0
(347.7, 497.6), (363.6, 517.5), 0.0, -3.4, 0
(310.8, 386.4), (321.4, 397.7), 0.8, -2.4, 0
(305.4, 462.8), (306.7, 463.2), -4.8, 2.0, 1
(409.4, 374.4), (393.1, 355.9), -4.6, -4.3, 0
(360.9, 441.3), (341.9, 424.8), -4.5, 0.2, 1
(312.5, 426.9), (311.4, 424.7), 2.9, -3.1, 0
(356.3, 421.3), (355.4, 437.9), -4.9, 1.6, 0
(356.0, 428.8), (362.6, 419.1), 2.2, -1.9, 0
(320.9, 382.3), (303.5, 364.1), -4.8, 3.4, 0
(313.1, 425.8), (297.5, 410.7), -1.6, -1.7, 1
(414.2, 326.6), (423.1, 337.0), 5.0, 1.8, 0
(435.8, 419.4), (430.1, 429.6), 5.0, -0.4, 0
(397.8, 459.0), (380.9, 459.9), 2.6, 3.9, 1
(443.1, 481.2), (456.0, 480.9), -0.2, -0.6, 1
(473.0, 343.5), (472.2, 349.8), -3.7, -2.9, 0
(406.6, 414.8), (411.2, 420.5), 3.0, -4.6, 1
(345.0, 355.0), (329.6, 345.1), -1.6, 0.0, 0
(429.0, 458.1), (442.2, 447.0), -3.9, 0.6, 0
(399.7, 494.9), (406.0, 506.1), 2.3, -4.6, 0
(369.6, 396.9), (362.3, 390.2), -3.1, 0.7, 1
(347.7, 378.3), (333.3, 372.7), -2.2, -1.9, 0
(453.4, 416.7), (451.4, 423.7), -1.8, -4.7, 1
(345.6, 362.8), (342.4, 361.0), -3.6, -4.5, 1
(492.7, 314.9), (486.9, 313.3), 1.6, -3.1, 1
(371.8, 429.8), (380.6, 440.0), 1.7, -2.3, 0
(390.0, 487.8), (390.7, 491.6), -0.9, -0.3, 0
(428.9, 479.5), (414.3, 498.4), -3.9, 4.2, 0
(391.1, 328.0), (397.7, 345.0), -4.8, 2.6, 1
(398.9, 494.0), (418.4, 505.3), -2.0, -3.9, 1
(373.4, 398.4), (381.1, 414.1), -2.2, 4.4, 0
(490.5, 497.1), (492.6, 493.5), -4.2, -0.8, 1
(329.8, 386.7), (340.6, 378.7), 4.5, -0.0, 1
(412.6, 382.9), (395.9, 395.1), 4.8, 0.0, 1
(455.7, 346.2), (442.0, 344.7), -4.5, -2.1, 1
(344.8, 450.9), (343.4, 436.3), 3.4, 1.6, 1
(431.5, 351.3), (443.9, 358.4), 2.5, 1.4, 0
(352.2, 492.1), (352.7, 476.1), -0.4, 1.2, 0
(352.2, 468.3), (338.7, 467.0), -2.2, 0.3, 0
(485.8, 436.0), (468.2, 436.5), 2.7, -2.1, 0
(349.5, 462.8), (366.4, 470.4), 3.2, -4.0, 0
(333.2, 373.4), (316.4, 386.1), -4.4, -2.5, 0
(480.7, 392.1), (468.6, 405.8), -1.5, -1.2, 1
(359.2, 494.5), (371.0, 505.8), -1.7, -1.2, 1
(318.3, 429.9), (304.5, 414.8), 3.2, -2.4, 0
(322.7, 467.2), (338.7, 472.8), -4.7, -4.9, 0
(349.6, 380.4), (352.9, 362.5), -4.7, 3.7, 0
(315.1, 435.0), (305.7, 440.8), -0.8, 4.3, 0
(449.7, 373.1), (437.7, 363.7), -3.6, 2.7, 0
(324.7, 381.9), (343.3, 374.4), 2.6, 0.7, 1
(354.0, 328.3), (365.7, 311.7), -2.2, 3.3, 1
(341.9, 452.6), (361.8, 445.3), 4.7, -1.0, 0
(444.0, 425.0), (426.4, 409.2), 3.5, 0.8, 1
(493.5, 336.6), (481.2, 324.4), 0.6, 0.9, 1
(402.2, 438.7), (420.2, 448.2), 1.3, 3.8, 0
(401.6, 306.1), (382.7, 318.3), -1.8, 3.7, 0
(417.2, 476.5), (422.4, 474.5), -2.9, -2.4, 1
(482.4, 371.6), (473.6, 379.7), -0.1, -0.2, 1
(455.7, 354.7), (451.3, 366.5), -2.5, -1.9, 1
(461.3, 309.8), (441.7, 312.5), 3.7, 4.2, 1
(359.5, 386.9), (377.9, 393.7), -1.4, -1.3, 0
(399.4, 418.7), (410.8, 431.4), 0.6, 4.0, 1
(430.6, 376.0), (434.0, 361.6), -4.8, 3.5, 0
(393.6, 471.9), (383.7, 491.1), 2.3, 1.0, 0
(318.5, 386.8), (321.5, 406.5), 3.5, 3.1, 0
(468.5, 448.6), (467.2, 446.2), -3.6, 4.5, 1
(433.7, 478.6), (417.9, 477.6), -3.0, 1.9, 0
(343.5, 374.3), (349.5, 363.6), 1.8, 1.9, 1
(349.3, 426.9), (349.6, 428.2), 4.5, 4.4, 1
(411.4, 371.5), (418.8, 361.2), -4.1, 3.5, 1
(414.0, 445.2), (407.4, 457.1), 1.0, 2.5, 1
(442.3, 370.8), (440.5, 371.1), -3.8, -0.5, 0
(445.1, 398.6), (460.1, 405.8), 3.6, 3.0, 1
(445.9, 405.8), (431.2, 391.6), 1.8, 4.0, 0
(342.7, 493.0), (338.4, 499.6), -3.7, -1.1, 1
(381.7, 463.1), (390.2, 473.8), -2.2, -4.6, 1
(367.3, 373.3), (350.5, 375.4), -2.7, -4.2, 0
(493.0, 370.0), (510.5, 378.3), 3.0, 0.3, 0
(307.6, 455.0), (299.3, 460.4), 0.9, -3.3, 0
(388.5, 486.3), (385.3, 485.5), -2.3, -2.9, 0
(363.7, 353.0), (380.1, 342.2), 1.4, 3.8, 0
(446.3, 326.6), (443.9, 345.2), 1.1, 2.7, 0
(316.0, 491.7), (300.8, 472.2), -1.2, -0.1, 0
(313.5, 338.7), (318.7, 328.8), 5.0, 0.2, 1
(494.3, 485.3), (488.0, 500.3), -4.3, 4.0, 1
(349.7, 493.9), (344.0, 474.1), 0.7, -3.1, 1
(344.4, 433.1), (347.1, 427.5), -0.2, -2.9, 0
(393.4, 470.0), (409.6, 454.2), -3.7, -0.2, 0
(477.8, 355.0), (461.2, 347.5), -1.6, 3.9, 0
(436.9, 390.8), (453.4, 385.7), 1.4, 4.0, 0
(405.1, 382.4), (413.7, 362.4), -4.4, -3.5, 0
(412.2, 425.7), (395.6, 411.9), 2.5, 0.2, 1
(369.4, 349.1), (389.3, 357.0), 0.7, 2.7, 0
(346.9, 315.1), (340.0, 319.9), 2.8, 1.2, 1
(489.2, 323.0), (483.6, 334.6), -4.7, -3.3, 0
(463.8, 410.2), (465.3, 421.9), 3.6, 3.9, 1
(487.8, 393.0), (468.3, 411.2), 2.3, -3.8, 0
(486.6, 309.4), (487.1, 311.3), -0.1, -1.5, 1
(364.9, 436.6), (358.4, 456.2), 0.9, 0.8, 0
(360.7, 308.6), (365.5, 325.0), -3.2, -2.5, 1
(424.4, 435.4), (409.5, 422.6), -0.7, -1.6, 0
(357.6, 438.0), (339.2, 449.7), 4.2, 1.5, 1
(453.1, 364.8), (434.9, 383.0), -2.4, -1.0, 0
(397.4, 377.2), (403.9, 394.4), 1.0, -3.0, 1
(321.3, 456.8), (338.2, 465.4), 3.9, -0.5, 0
(388.3, 478.9), (390.7, 494.0), -0.8, 0.1, 1
(406.6, 389.3), (411.4, 407.6), -4.1, -1.0, 1
(391.5, 330.2), (388.7, 348.2), 0.0, 1.2, 1
(407.6, 478.6), (396.3, 477.5), -4.3, -3.4, 0
(475.8, 321.9), (485.4, 316.2), 1.7, 0.2, 0
(485.3, 351.7), (475.1, 369.2), 0.5, -2.3, 0
(358.5, 396.5), (362.1, 392.1), -4.3, 0.1, 1
(374.7, 457.3), (361.8, 454.6), 2.0, 0.9, 0
(466.7, 454.7), (484.4, 443.5), 4.7, 2.3, 1
(490.6, 492.8), (501.6, 477.5), -1.4, 3.9, 0
(497.8, 330.9), (487.8, 311.9), 2.8, -0.4, 1
(457.5, 323.0), (446.9, 331.3), -3.2, 2.8, 1
(303.9, 416.1), (315.3, 430.2), 3.8, -1.7, 1
(462.2, 342.6), (468.4, 324.4), 4.5, -4.7, 1
(314.6, 482.0), (304.5, 487.5), -1.6, -3.1, 1
(386.7, 487.2), (377.4, 502.8), 1.0, 3.6, 1
(463.3, 305.5), (463.2, 287.3), -4.6, -0.0, 1
(319.9, 355.6), (309.4, 370.5), -4.7, -4.5, 1
(446.7, 315.9), (461.4, 315.4), -1.9, 4.5, 0
(377.5, 387.5), (383.9, 393.0), 3.5, -1.2, 1
(387.3, 475.0), (403.6, 490.7), 2.1, 3.0, 0
(447.8, 351.0), (442.8, 351.1), -0.7, 0.2, 1
(452.1, 444.9), (444.4, 435.8), -0.1, -1.4, 0
(425.6, 350.1), (434.6, 354.3), 0.0, -3.3, 0
(441.8, 437.2), (428.6, 442.5), -3.6, 2.1, 0
(324.5, 412.6), (305.5, 411.1), 3.2, -2.9, 0
(432.4, 301.3), (441.1, 319.3), -2.4, 2.8, 1
(390.7, 459.0), (373.5, 472.2), 1.7, -3.9, 1
(430.0, 376.0), (410.3, 368.6), 0.5, 3.4, 0
(478.4, 380.4), (491.1, 372.8), -0.6, -1.0, 1
(450.4, 379.9), (445.3, 378.9), -0.7, -1.0, 1
(396.1, 378.8), (398.6, 363.8), 0.0, 2.4, 1
(470.0, 327.9), (467.4, 321.1), -1.8, -3.1, 1
(372.8, 357.5), (377.7, 358.3), 0.3, 0.9, 1
(499.2, 393.6), (491.2, 384.6), -3.3, -0.7, 1
(438.5, 382.8), (442.8, 386.6), 0.4, 2.8, 0
(429.1, 386.4), (436.5, 367.7), -1.2, -0.2, 1
(383.0, 492.0), (371.1, 473.5), -3.4, 3.7, 1
(349.4, 338.8), (351.2, 326.4), 0.7, 4.0, 0
(464.2, 479.4), (448.5, 463.8), 3.7, -2.4, 0
(380.1, 350.3), (381.4, 344.0), -0.0, -1.3, 1
(371.1, 413.9), (355.3, 396.9), -3.1, 1.1, 1
(369.3, 441.5), (370.2, 434.2), 4.4, 4.6, 0
(430.0, 391.3), (447.1, 397.5), -1.7, 4.7, 1
(482.8, 386.4), (497.8, 392.7), -3.0, 3.4, 1
(442.1, 448.9), (439.6, 438.9), -0.4, 0.3, 0
(365.4, 436.5), (381.6, 444.2), 1.0, 2.5, 0
(455.0, 483.2), (452.3, 473.8), -0.8, 1.0, 1
(384.2, 489.8), (387.9, 485.5), 3.9, 4.4, 1
(327.5, 405.0), (322.0, 389.7), 4.7, -0.4, 1
(396.3, 445.4), (400.5, 464.8), -4.1, 3.8, 0
(431.0, 486.1), (445.0, 498.6), 1.1, -4.4, 1
(471.2, 448.2), (485.8, 461.7), -3.1, 4.6, 1
(331.8, 483.0), (316.7, 497.4), -1.3, -4.2, 0
(426.8, 479.8), (436.0, 475.1), 3.3, 3.2, 1
(383.4, 336.6), (364.8, 332.2), -0.7, -2.8, 0
(420.3, 497.1), (414.4, 498.0), -2.1, 2.3, 1
(325.6, 348.1), (327.2, 366.3), -4.9, -4.5, 1
(362.8, 488.9), (366.6, 490.0), -2.2, 1.7, 0
(312.3, 476.8), (313.4, 464.4), 4.5, -4.5, 1
(373.8, 452.0), (383.6, 440.5), 3.7, 4.4, 0
(471.0, 427.9), (486.3, 432.3), -0.3, -3.6, 1
(300.8, 485.6), (288.9, 466.5), 1.2, -0.3, 0
(433.9, 334.8), (441.0, 342.9), -2.6, 4.3, 1
(394.9, 428.6), (394.5, 422.8), -2.4, -1.0, 1
(325.5, 371.4), (343.3, 364.9), -1.9, 4.3, 1
(393.6, 319.5), (410.0, 315.7), -3.9, 3.9, 0
(416.0, 459.7), (419.1, 474.5), 1.1, -3.2, 0
(466.5, 492.3), (460.3, 509.7), -4.0, 3.8, 0
(427.3, 413.9), (424.8, 412.8), 3.5, 0.4, 1
(400.8, 478.3), (413.3, 477.3), -2.8, 3.8, 0
(466.3, 420.6), (470.4, 402.3), -0.5, -3.9, 0
(329.6, 388.3), (333.6, 391.0), 2.9, -1.8, 0
(489.8, 460.4), (473.2, 470.0), -0.8, 1.7, 0
(306.7, 485.2), (302.4, 491.4), 1.7, 1.0, 0
(300.8, 355.2), (290.8, 351.0), 3.8, -1.1, 1
(350.2, 464.7), (360.1, 467.3), 2.9, 0.9, 1
(329.5, 438.0), (348.7, 446.3), 1.3, -0.4, 0
(333.0, 477.8), (330.7, 486.6), -2.6, -3.4, 0
(469.4, 401.5), (484.7, 399.3), 0.5, 1.7, 0
(311.3, 483.2), (298.8, 493.2), -2.8, -4.9, 0
(479.9, 433.1), (468.4, 452.1), -1.6, 2.3, 1
(429.1, 395.2), (426.9, 388.4), -1.0, 0.5, 0
(395.9, 410.5), (388.2, 409.0), -4.7, -2.1, 1
(427.5, 344.0), (436.0, 356.8), -1.5, 2.9, 1
(471.1, 405.7), (488.7, 416.5), -1.7, 2.5, 0
(366.6, 393.1), (366.4, 385.7), 4.9, -4.3, 1
(321.6, 445.8), (341.3, 441.7), 1.7, -1.4, 1
(482.6, 381.7), (494.2, 362.2), 2.9, 1.4, 0
(441.1, 389.5), (433.7, 376.8), 3.4, 2.4, 1
(427.5, 317.7), (430.0, 305.0), 3.9, -1.7, 1
(367.7, 396.0), (371.2, 390.7), 2.2, -0.5, 0
(346.0, 379.3), (327.8, 362.1), -3.6, -0.7, 0
(311.5, 423.8), (310.4, 425.6), -2.8, -0.1, 0
(418.1, 328.5), (398.7, 339.7), -1.4, 2.6, 1
(478.5, 434.2), (482.7, 420.9), 1.4, -4.7, 1
(413.6, 479.6), (415.8, 460.6), 3.1, 1.8, 1
(339.6, 310.9), (341.5, 312.4), -2.9, 5.0, 1
(450.3, 380.6), (457.8, 361.5), 4.5, -0.6, 0
(362.1, 379.8), (381.4, 374.9), -1.9, 0.6, 1
(485.9, 463.9), (493.1, 466.5), -1.9, 0.2, 0
(475.8, 448.7), (492.0, 429.3), -1.7, 0.8, 1
(457.4, 385.4), (460.3, 397.1), -1.2, 0.7, 0
(342.1, 482.6), (327.9, 480.5), 3.1, -0.1, 1
(443.6, 476.4), (460.4, 489.2), 1.1, -3.3, 0
(445.5, 354.1), (432.6, 365.3), 1.8, -2.5, 1
(475.0, 495.6), (471.7, 479.8), -1.5, 4.4, 1
(419.9, 448.7), (403.4, 430.7), -1.2, 0.1, 0
(400.4, 409.8), (410.7, 419.6), 2.0, 4.6, 0
(354.4, 350.1), (370.1, 340.3), -4.8, -2.5, 1
(316.7, 491.4), (321.5, 484.4), 3.0, -2.7, 1
(354.6, 470.0), (373.6, 459.1), 1.6, 3.7, 0
(408.9, 324.3), (412.1, 311.9), -0.3, 0.9, 0
(429.1, 458.0), (417.2, 476.6), 1.0, 2.9, 0
(318.2, 434.7), (304.5, 451.9), -4.7, -1.1, 0
(400.2, 373.4), (381.5, 378.5), -2.6, -4.0, 0
(343.2, 485.6), (332.9, 498.7), 1.4, 1.9, 0
(358.2, 301.0), (360.4, 284.2), -0.1, -3.2, 0
(409.9, 483.0), (409.2, 464.4), -3.9, 1.2, 0
(479.5, 489.7), (463.4, 500.6), -0.1, -1.8, 0
(301.6, 301.1), (285.8, 304.4), 5.0, 2.5, 1
(375.2, 368.6), (393.6, 357.1), 2.6, 4.4, 1
(405.9, 351.4), (394.7, 366.0), 4.1, -0.2, 1
(482.6, 362.5), (491.4, 354.7), 1.2, -3.9, 0
(479.6, 438.0), (477.7, 423.3), -3.6, 4.7, 0
(468.8, 310.6), (473.7, 316.9), 2.3, 0.2, 0
(356.6, 442.7), (362.3, 429.8), -3.0, -3.9, 0
(305.0, 472.2), (319.8, 460.8), -2.3, -4.2, 0
(327.8, 447.2), (321.8, 455.7), -1.2, -1.4, 0
(476.8, 317.7), (461.3, 315.1), 0.6, 2.3, 0
(405.8, 481.1), (394.4, 496.7), -0.1, -4.7, 0
(380.2, 401.1), (364.7, 398.4), 4.2, 2.9, 1
(447.4, 490.6), (427.7, 483.4), -1.7, 0.1, 1
(450.8, 386.5), (440.2, 367.1), -3.3, 1.1, 1
(316.7, 437.2), (334.0, 430.7), 1.4, -4.8, 0
(372.2, 339.5), (376.5, 330.7), -4.3, 1.6, 0
(389.5, 459.1), (369.6, 449.5), -1.8, 0.5, 1
(485.8, 389.3), (475.1, 389.2), -2.5, -0.5, 1
(309.9, 301.4), (316.1, 290.5), -4.8, -0.5, 1
(432.0, 466.2), (425.6, 466.6), -1.8, 2.2, 0
(316.8, 480.6), (314.5, 478.7), 0.9, -0.6, 0
(409.7, 412.9), (394.4, 420.5), 4.1, -3.7, 1
(321.6, 450.3), (304.1, 438.0), -4.7, 4.0, 1
(406.8, 314.6), (411.6, 296.2), -4.7, -2.0, 1
(363.0, 313.2), (361.7, 321.8), -2.3, 4.5, 0
(443.8, 392.2), (450.5, 383.0), -1.5, 3.1, 1
(413.3, 482.5), (415.6, 500.6), 1.3, -4.1, 1
(465.9, 389.6), (472.3, 370.6), 1.3, 0.4, 0
(488.0, 408.5), (494.3, 393.3), -4.4, -3.8, 1
(464.2, 367.1), (460.5, 378.9), -1.0, -0.6, 0
(416.9, 367.7), (407.6, 363.6), -4.7, -0.2, 0
(458.0, 390.0), (450.3, 373.0), 4.0, 3.7, 1
(451.7, 308.0), (467.0, 314.6), 0.6, -2.5, 1
(491.5, 361.1), (491.6, 347.6), -0.4, -3.6, 0
(445.7, 311.9), (462.4, 317.3), 1.4, -3.2, 1
(404.8, 411.1), (416.2, 405.6), 0.0, -3.3, 1
(491.5, 423.9), (506.5, 411.5), 1.3, -1.6, 1
(478.3, 425.4), (464.9, 441.4), -4.7, 3.2, 0
(415.1, 380.2), (412.0, 388.7), 3.0, -1.9, 1
(357.2, 357.2), (342.6, 355.4), 0.9, -2.7, 1
(459.2, 369.4), (467.6, 373.5), 0.5, 0.5, 1
(381.1, 457.8), (367.3, 447.8), 4.7, 3.7, 0
(471.4, 479.0), (488.9, 484.2), -4.4, -4.0, 1
(338.9, 354.0), (321.3, 344.5), 3.8, -4.1, 1
(437.9, 351.1), (445.5, 344.8), 4.7, -0.8, 1
(334.3, 473.7), (336.5, 461.0), -2.8, -1.4, 0
(356.7, 353.3), (351.2, 361.9), 2.4, 3.8, 1
(340.7, 474.3), (358.0, 457.6), -3.9, -1.6, 1
(358.6, 413.5), (357.7, 405.1), 2.7, -4.2, 1
(335.9, 425.1), (327.9, 414.6), -3.9, -1.3, 0
(424.8, 324.6), (441.2, 315.5), -0.1, 1.1, 1
(432.1, 357.7), (435.6, 372.8), 4.9, -3.3, 1
(445.7, 364.6), (451.8, 369.5), 0.3, -0.0, 0
(372.0, 470.8), (354.5, 463.5), -3.8, -1.3, 0
(459.4, 344.0), (450.5, 359.4), -3.2, 1.9, 0
(309.7, 491.6), (322.3, 493.9), -2.4, 2.4, 0
(305.1, 400.6), (290.8, 396.8), -2.0, 4.5, 1
(407.0, 436.1), (426.2, 453.7), -1.9, 2.4, 0
(484.2, 426.4), (464.7, 423.2), 2.4, -1.1, 0
(375.5, 473.0), (380.6, 462.7), -0.5, -1.9, 0
(476.2, 329.4), (490.5, 312.0), 4.1, 1.0, 0
(377.2, 301.8), (360.3, 312.7), -0.6, -1.5, 0
(320.5, 480.1), (313.2, 465.6), 4.9, -4.2, 0
(300.3, 350.9), (282.4, 367.3), -0.2, 0.6, 1
(457.8, 492.4), (458.3, 481.5), -3.7, 4.3, 0
(410.8, 477.7), (401.4, 485.8), 0.5, -3.6, 0
(470.1, 423.7), (480.6, 428.4), 3.1, 2.5, 1
(401.1, 352.3), (382.3, 334.7), -4.3, -4.2, 1
(327.3, 378.5), (332.9, 367.4), -0.1, -2.5, 1
(313.5, 496.0), (316.7, 482.7), 2.0, 3.4, 1
(391.4, 364.7), (390.2, 362.2), 4.0, 4.0, 0
(418.6, 305.7), (411.2, 304.9), -0.3, 3.2, 0
(378.0, 386.9), (376.8, 395.7), -4.0, -1.3, 0
(421.0, 446.0), (422.5, 438.6), 2.7, 3.2, 0
(414.0, 495.0), (407.6, 507.4), 2.4, 3.7, 1
(453.5, 426.5), (458.3, 445.1), -0.7, -4.8, 1
(342.3, 361.5), (341.0, 378.1), -4.8, -0.1, 0
(459.4, 317.4), (443.0, 309.1), -1.1, 1.6, 1
(362.2, 431.1), (378.8, 432.1), 3.8, -3.7, 1
(369.0, 358.7), (369.1, 378.0), 1.1, -2.7, 1
(374.7, 367.3), (386.7, 372.9), -0.3, -0.5, 1
(307.6, 389.5), (323.4, 406.3), 4.3, 2.7, 1
(391.7, 344.7), (406.8, 334.8), 3.1, 3.0, 1
(445.5, 450.0), (438.7, 436.8), 4.4, 4.4, 1
(383.9, 458.6), (397.7, 440.7), 1.6, 3.1, 0
(470.4, 470.4), (474.0, 475.8), -3.2, -2.3, 1
(365.6, 332.4), (377.0, 328.3), -2.5, 3.7, 0
(328.4, 464.0), (335.0, 457.6), -4.6, -5.0, 1
(451.9, 368.5), (460.5, 386.2), -2.2, -0.9, 1
(394.0, 364.0), (407.4, 365.8), -4.3, 4.9, 1
(375.0, 349.5), (361.5, 340.9), -4.3, -3.7, 1
(449.6, 304.4), (431.9, 298.5), -4.8, 2.9, 0
(352.7, 381.5), (335.5, 385.5), 0.3, -3.1, 0
(404.3, 430.1), (420.3, 450.0), 3.9, -3.1, 0
(438.3, 308.2), (422.4, 326.4), -4.3, -4.1, 1
(309.7, 349.0), (329.1, 358.6), 1.8, -4.4, 1
(358.4, 317.4), (364.4, 307.4), 1.5, 3.7, 0
(433.0, 435.4), (438.2, 452.1), -4.1, -0.3, 0
(446.2, 436.8), (428.9, 440.0), 4.3, -0.1, 1
(399.7, 391.5), (398.3, 381.1), -0.8, 2.7, 1
(375.5, 371.4), (367.4, 376.1), -4.4, -2.5, 0
(422.7, 461.2), (430.5, 449.3), 2.7, 2.2, 0
(480.3, 327.9), (485.3, 330.9), -1.3, -2.6, 0
(407.5, 446.3), (392.9, 454.0), -3.1, 4.5, 0
(341.2, 435.7), (360.5, 428.2), 1.5, -1.9, 0
(392.9, 328.7), (382.9, 325.9), 3.0, -0.8, 1
(388.0, 443.5), (380.8, 463.4), 2.5, -2.0, 1
(387.4, 321.5), (404.8, 340.6), 4.6, 0.6, 0
(447.0, 351.0), (432.4, 358.9), 3.4, 0.8, 0
(310.9, 416.6), (293.1, 419.3), 3.3, 4.2, 1
(333.5, 306.7), (322.7, 318.6), 4.6, 0.1, 0
(390.8, 453.7), (377.2, 455.5), 0.4, 0.3, 0
(418.3, 478.1), (427.1, 496.2), -2.0, 1.0, 0
(376.8, 445.0), (381.8, 427.7), 2.1, 0.8, 1
(467.2, 378.7), (487.2, 398.7), -0.7, 2.7, 0
(347.7, 416.8), (328.9, 399.7), -1.3, -2.0, 0
(495.7, 475.8), (505.2, 470.8), 0.4, -1.7, 1
(478.1, 457.5), (478.2, 456.3), -0.1, 1.9, 0
(325.0, 437.0), (320.0, 454.5), 2.5, 1.2, 0
(384.7, 328.7), (390.4, 322.4), -4.6, -3.7, 0
(311.5, 438.2), (318.1, 436.7), 4.0, -4.7, 1
(348.3, 440.2), (345.2, 447.1), -3.9, -4.0, 1
(302.5, 397.5), (307.2, 409.5), 2.5, -1.1, 1
(370.0, 364.7), (357.1, 358.5), 1.5, 2.2, 0
(473.8, 452.1), (484.0, 451.7), 4.0, -1.6, 0
(491.9, 436.0), (488.8, 451.4), 0.2, 0.1, 1
(371.7, 393.6), (379.4, 388.2), -0.8, -0.8, 1
(382.9, 497.2), (398.6, 516.4), 0.7, -0.8, 0
(377.6, 381.5), (358.2, 384.2), -1.3, -3.8, 1
(323.3, 481.3), (312.1, 484.8), -0.8, -3.1, 0
(352.2, 374.3), (335.1, 360.2), -1.1, -1.0, 0
(316.3, 329.1), (324.7, 345.2), -0.5, 2.4, 1
(411.6, 452.0), (426.7, 455.2), 0.5, 0.3, 1
(447.9, 317.1), (444.9, 306.0), -1.5, -0.1, 0
(352.0, 341.0), (354.8, 354.2), -3.2, 2.6, 0
(384.4, 326.6), (364.6, 311.4), -0.2, -0.9, 0
(322.1, 378.1), (341.0, 388.2), -4.1, 3.3, 1
(348.7, 499.2), (354.8, 512.7), -1.4, -1.5, 1
(300.9, 457.6), (287.8, 438.1), -3.1, -0.8, 0
(428.2, 370.6), (426.4, 366.2), 2.3, -3.3, 1
(460.1, 300.4), (452.0, 280.7), 4.7, -4.6, 0
(393.8, 303.7), (403.9, 296.0), 0.2, 2.1, 1
(473.0, 497.4), (461.3, 509.1), -3.7, 2.2, 1
(467.8, 316.2), (470.1, 323.8), -3.5, 4.7, 0
(437.3, 385.9), (450.3, 394.0), 0.8, 0.1, 1
(493.3, 432.3), (495.8, 420.3), 1.5, 1.6, 0
(442.0, 318.8), (459.2, 318.9), -4.2, -0.2, 0
(461.9, 341.8), (457.6, 337.2), -2.7, 1.5, 1
(396.0, 401.4), (402.0, 387.8), 4.5, -1.7, 1
(367.3, 338.5), (386.3, 338.2), -4.5, -3.3, 1
(497.6, 306.2), (486.6, 300.6), -1.5, 1.9, 0
(432.0, 331.1), (422.1, 324.8), 3.5, -0.5, 1
(382.9, 466.1), (386.2, 459.8), 3.1, 3.3, 0
(310.9, 380.6), (309.1, 363.0), 2.9, -3.7, 1
(366.0, 356.8), (380.1, 348.5), 0.4, -4.3, 1
(332.0, 444.6), (350.2, 434.2), 0.0, -3.3, 0
(481.4, 314.8), (466.2, 318.3), -0.6, -0.9, 0
(349.2, 445.2), (345.5, 439.3), -0.9, -1.5, 0
(491.8, 440.6), (504.0, 436.1), 3.4, 1.6, 1
(441.7, 412.7), (454.3, 428.3), 4.6, 0.6, 1
(416.1, 359.3), (422.9, 369.1), -2.4, 3.6, 1
(396.1, 461.8), (392.4, 457.6), 2.2, -2.6, 1
(368.7, 368.0), (379.7, 386.3), 4.2, 2.1, 0
(439.5, 418.9), (448.3, 428.7), 0.2, -3.6, 0
(412.9, 430.2), (422.5, 440.8), 4.6, 2.6, 0
(376.7, 303.1), (361.4, 314.3), -4.1, 1.4, 0
(383.0, 321.2), (394.0, 328.1), -0.9, 2.1, 1
(407.0, 499.0), (404.5, 479.1), -3.6, 4.0, 0
(485.3, 442.4), (487.3, 444.4), 4.4, -3.4, 1
(379.2, 395.3), (398.3, 393.1), 4.4, -3.0, 1
(344.7, 454.9), (344.8, 474.3), -1.2, -0.8, 0
(392.0, 320.1), (397.2, 300.2), -0.9, 3.6, 1
(461.1, 467.8), (475.0, 471.4), -0.1, -4.7, 1
(378.2, 390.1), (382.3, 373.2), -2.5, 1.0, 1
(354.1, 385.1), (356.1, 386.4), 2.5, -2.6, 0
(451.0, 403.5), (451.1, 404.8), -4.4, -3.4, 0
(496.2, 327.3), (499.8, 314.4), 3.4, -0.8, 1
(354.4, 399.1), (354.8, 381.0), -4.7, -1.7, 0
(361.2, 469.9), (372.4, 465.3), 3.3, 1.1, 1
(453.7, 302.6), (434.7, 319.3), 1.7, 4.7, 0
(390.1, 403.8), (407.7, 394.1), -0.6, 2.6, 0
(426.2, 445.7), (417.5, 459.5), 2.5, -2.7, 0
(410.9, 355.3), (399.3, 358.2), -1.8, 0.8, 1
